id_accs,id_prop
0012A00002AXHJUQA5,a0I2A00000XQI67UAH
0012A00002AXHJUQA5,a0I2A00000XQIQWUA5
0012A00002AXHJUQA5,a0I2A00000XQLJNUA5
0012A00002AXHJUQA5,a0I2A00000XQKLPUA5
0012A00002AXHJUQA5,a0I2A00000XQHpfUAH
0012A00002AXHJUQA5,a0I2A00000XQLJKUA5
0012A00002AXHJUQA5,a0I2A00000XQM3JUAX
0012A00002AXHJUQA5,a0I2A00000XQJHXUA5
0012A00002AXHJUQA5,a0I2A00000XQLq3UAH
0012A00002AXHJUQA5,a0I2A00000XQJl8UAH
0012A00002AXHJUQA5,a0I2A00000XQQEPUA5
0012A00002AXHJUQA5,a0I2A00000XQGeGUAX
0012A00002AXHJUQA5,a0I2A00000XQGx1UAH
0012A00002AXHJUQA5,a0I2A00000XvA3oUAF
0012A00002AXHJUQA5,a0I2A00000XwJqcUAF
0012A00002AXHJUQA5,a0I2A00000XQLJnUAP
0012A00002AXHJUQA5,a0I2A00000XQKsqUAH
0012A00002AXHJUQA5,a0I2A00000ZGraTUAT
0012A00002AXHJUQA5,a0I2A00000XQIcwUAH
0012A00002AXHJUQA5,a0I2A00000XQHSkUAP
0012A00002AXHJUQA5,a0I2A00000XQLLtUAP
0012A00002AXHJUQA5,a0I2A00000XQLpCUAX
0012A00002AXHJUQA5,a0I2A00000XQVwMUAX
0012A00002AXHJUQA5,a0I2A00000XQRLYUA5
0012A00002AXHJUQA5,a0I2A00000XQGLGUA5
0012A00002AXHJUQA5,a0I2A00000XQLc6UAH
0012A00002AXHJUQA5,a0I2A00000XQM6gUAH
0012A00002AXHJUQA5,a0I2A00000XQGbOUAX
0012A00002AXHJUQA5,a0I2A00000XQJIzUAP
0012A00002AXHJUQA5,a0I2A00000XvA40UAF
0012A00002AXHJUQA5,a0I2A00000XQK73UAH
0012A00002AXHJUQA5,a0I2A00000XQKbyUAH
0012A00002AXHJUQA5,a0I2A00000XQK0gUAH
0012A00002AXHJUQA5,a0I2A00000XQK80UAH
0012A00002AXHJUQA5,a0I2A00000XuXVsUAN
0012A00002AXHJUQA5,a0I2A00000XQIHtUAP
0012A00002AXHJUQA5,a0I2A00000XQfEkUAL
0012A00002AXHJUQA5,a0I2A00000XQK7kUAH
0012A00002AXHJUQA5,a0I2A00000XQGylUAH
0012A00002AXHJUQA5,a0I2A00000XQIPsUAP
0012A00002AXHJUQA5,a0I2A00000XQj04UAD
0012A00002AXHJUQA5,a0I2A00000XQIIgUAP
0012A00002AXHJUQA5,a0I2A00000XQKimUAH
0012A00002AXHJUQA5,a0I2A00000XwWpYUAV
0012A00002AXHJUQA5,a0I2A00000XuNd2UAF
0012A00002AXHJUQA5,a0I2A00000XQHvjUAH
0012A00002AXHJUQA5,a0I2A00000XQI3kUAH
0012A00002AXHJUQA5,a0I2A00000XQH5TUAX
0012A00002AXHJUQA5,a0I2A00000XQHE6UAP
0012A00002AXHJUQA5,a0I2A00000XQJvTUAX
0012A00002AXHJUQA5,a0I2A00000XwQSlUAN
0012A00002AXHJUQA5,a0I2A00000XQJFOUA5
0012A00002AXHJUQA5,a0I2A00000XQLYrUAP
0012A00002AXHJUQA5,a0I2A00000XQK5PUAX
0012A00002AXHJUQA5,a0I2A00000XQKoNUAX
0012A00002AXHJUQA5,a0I2A00000XQRDzUAP
0012A00002AXHJUQA5,a0I2A00000XQIh0UAH
0012A00002AXHJUQA5,a0I2A00000XQLyNUAX
0012A00002AXHJUQA5,a0I2A00000XQiz3UAD
0012A00002AXHJUQA5,a0I2A00000XwWc0UAF
0012A000023XlWaQAK,a0I2A00000XQKonUAH
0012A000023XlWaQAK,a0I2A00000XwLZCUA3
0012A000023XlWaQAK,a0I2A00000XuOtJUAV
0012A000023XlWaQAK,a0I2A00000XQHUnUAP
0012A000023XlWaQAK,a0I2A00000XQLq3UAH
0012A000023XlWaQAK,a0I2A00000XQKbzUAH
0012A000023XlWaQAK,a0I2A00000XQLn4UAH
0012A000023XlWaQAK,a0I2A00000XQHGVUA5
0012A000023XlWaQAK,a0I2A00000XQKNJUA5
0012A000023XlWaQAK,a0I2A00000XQGiaUAH
0012A000023XlWaQAK,a0I2A00000XQLEZUA5
0012A000023XlWaQAK,a0I2A00000XQI35UAH
0012A000023XlWaQAK,a0I2A00000XQJOhUAP
0012A000023XlWaQAK,a0I2A00000XQL0HUAX
0012A000023XlWaQAK,a0I2A00000XwWc0UAF
0012A000023XlWaQAK,a0I2A00000XQScWUAX
0012A000023XlWaQAK,a0I2A00000XQGlmUAH
0012A000023XlWaQAK,a0I2A00000XQY3TUAX
0012A000023XlWaQAK,a0I2A00000XQI1XUAX
0012A000023XlWaQAK,a0I2A00000XQJnFUAX
0012A000023XlWaQAK,a0I2A00000XQKLvUAP
0012A000023XlWaQAK,a0I2A00000XQH7eUAH
0012A000023XlWaQAK,a0I2A00000XQHOPUA5
0012A000023XlWaQAK,a0I2A00000XQWyZUAX
0012A000023XlWaQAK,a0I2A00000XQHXRUA5
0012A000023XlWaQAK,a0I2A00000XQJeaUAH
0012A000023XlWaQAK,a0I2A00000XQKVTUA5
0012A000023XlWaQAK,a0I2A00000XQNFFUA5
0012A000023XlWaQAK,a0I2A00000XQIq2UAH
0012A000023XlWaQAK,a0I2A00000XQJPgUAP
0012A000023XlWaQAK,a0I2A00000XQHpfUAH
0012A000023XlWaQAK,a0I2A00000XQJy1UAH
0012A000023XlWaQAK,a0I2A00000XQLEaUAP
0012A000023XlWaQAK,a0I2A00000XQIqIUAX
0012A000023XlWaQAK,a0I2A00000XQJTCUA5
0012A000023XlWaQAK,a0I2A00000XQHhsUAH
0012A000023XlWaQAK,a0I2A00000XQLe7UAH
0012A000023XlWaQAK,a0I2A00000XuRdNUAV
0012A000023XlWaQAK,a0I2A00000XQfEkUAL
0012A000023XlWaQAK,a0I2A00000XQLMoUAP
0012A000023XlWaQAK,a0I2A00000XQK0vUAH
0012A000023XlWaQAK,a0I2A00000XQJl9UAH
0012A000023XlWaQAK,a0I2A00000XQRIHUA5
0012A000023XlWaQAK,a0I2A00000XQL8zUAH
0012A000023XlWaQAK,a0I2A00000XQLUjUAP
0012A000023XlWaQAK,a0I2A00000XQXjYUAX
0012A000023XlWaQAK,a0I2A00000XQJFtUAP
0012A000023XlWaQAK,a0I2A00000XQHlgUAH
0012A000023XlWaQAK,a0I2A00000XwaXUUAZ
0012A000023XlWaQAK,a0I2A00000XQK1sUAH
0012A000023XlWaQAK,a0I2A00000XwWfxUAF
0012A000023XlWaQAK,a0I2A00000XQJzHUAX
0012A000023XlWaQAK,a0I2A00000XQM26UAH
0012A000023XlWaQAK,a0I2A00000XQLVsUAP
0012A000023XlWaQAK,a0I2A00000XQIPeUAP
0012A000023XlWaQAK,a0I2A00000XQKimUAH
0012A000023XlWaQAK,a0I2A00000XwHyKUAV
0012A000023XlWaQAK,a0I2A00000Xu9wSUAR
0012A000023XlWaQAK,a0I2A00000YHGHQUA5
0012A000023XlWaQAK,a0I2A00000XQGROUA5
0012A000023Y4bYQAS,a0I2A00000XQKonUAH
0012A000023Y4bYQAS,a0I2A00000XwLZCUA3
0012A000023Y4bYQAS,a0I2A00000XQKL4UAP
0012A000023Y4bYQAS,a0I2A00000XQJnuUAH
0012A000023Y4bYQAS,a0I2A00000XQLnjUAH
0012A000023Y4bYQAS,a0I2A00000XQfERUA1
0012A000023Y4bYQAS,a0I2A00000XQbXeUAL
0012A000023Y4bYQAS,a0I2A00000XQRmbUAH
0012A000023Y4bYQAS,a0I2A00000XQHUnUAP
0012A000023Y4bYQAS,a0I2A00000XQLq3UAH
0012A000023Y4bYQAS,a0I2A00000XQKhAUAX
0012A000023Y4bYQAS,a0I2A00000XQHGVUA5
0012A000023Y4bYQAS,a0I2A00000XQKNJUA5
0012A000023Y4bYQAS,a0I2A00000XQGXzUAP
0012A000023Y4bYQAS,a0I2A00000XQGiaUAH
0012A000023Y4bYQAS,a0I2A00000XQI35UAH
0012A000023Y4bYQAS,a0I2A00000XuRe9UAF
0012A000023Y4bYQAS,a0I2A00000XwWc0UAF
0012A000023Y4bYQAS,a0I2A00000XQM6VUAX
0012A000023Y4bYQAS,a0I2A00000XwbRQUAZ
0012A000023Y4bYQAS,a0I2A00000XQIdQUAX
0012A000023Y4bYQAS,a0I2A00000XQY3TUAX
0012A000023Y4bYQAS,a0I2A00000XuRMQUA3
0012A000023Y4bYQAS,a0I2A00000XQI1XUAX
0012A000023Y4bYQAS,a0I2A00000XQJnFUAX
0012A000023Y4bYQAS,a0I2A00000XQPtGUAX
0012A000023Y4bYQAS,a0I2A00000XQLNbUAP
0012A000023Y4bYQAS,a0I2A00000XQKLvUAP
0012A000023Y4bYQAS,a0I2A00000XQH7eUAH
0012A000023Y4bYQAS,a0I2A00000XQWyZUAX
0012A000023Y4bYQAS,a0I2A00000XQYyZUAX
0012A000023Y4bYQAS,a0I2A00000XwJxpUAF
0012A000023Y4bYQAS,a0I2A00000XQKVTUA5
0012A000023Y4bYQAS,a0I2A00000XuQ7TUAV
0012A000023Y4bYQAS,a0I2A00000XQNFFUA5
0012A000023Y4bYQAS,a0I2A00000XQIq2UAH
0012A000023Y4bYQAS,a0I2A00000XwZZtUAN
0012A000023Y4bYQAS,a0I2A00000XQHpfUAH
0012A000023Y4bYQAS,a0I2A00000XQYhcUAH
0012A000023Y4bYQAS,a0I2A00000XQJy1UAH
0012A000023Y4bYQAS,a0I2A00000XuUSkUAN
0012A000023Y4bYQAS,a0I2A00000XQIqIUAX
0012A000023Y4bYQAS,a0I2A00000XQRleUAH
0012A000023Y4bYQAS,a0I2A00000XQJTCUA5
0012A000023Y4bYQAS,a0I2A00000XQHhsUAH
0012A000023Y4bYQAS,a0I2A00000XQLe7UAH
0012A000023Y4bYQAS,a0I2A00000XuRdNUAV
0012A000023Y4bYQAS,a0I2A00000XQRlsUAH
0012A000023Y4bYQAS,a0I2A00000XQfEkUAL
0012A000023Y4bYQAS,a0I2A00000XQRIHUA5
0012A000023Y4bYQAS,a0I2A00000XQJFtUAP
0012A000023Y4bYQAS,a0I2A00000Y6P1lUAF
0012A000023Y4bYQAS,a0I2A00000XQjuYUAT
0012A000023Y4bYQAS,a0I2A00000XQHlgUAH
0012A000023Y4bYQAS,a0I2A00000XwaXUUAZ
0012A000023Y4bYQAS,a0I2A00000XQK1sUAH
0012A000023Y4bYQAS,a0I2A00000XwWfxUAF
0012A000023Y4bYQAS,a0I2A00000XQJzHUAX
0012A000023Y4bYQAS,a0I2A00000XQLM4UAP
0012A000023Y4bYQAS,a0I2A00000XQaNAUA1
0012A000023XlbuQAC,a0I2A00000XQIQyUAP
0012A000023XlbuQAC,a0I2A00000XQGqeUAH
0012A000023XlbuQAC,a0I2A00000XQYlDUAX
0012A000023XlbuQAC,a0I2A00000XQLtJUAX
0012A000023XlbuQAC,a0I2A00000XuMo7UAF
0012A000023XlbuQAC,a0I2A00000XQPhyUAH
0012A000023XlbuQAC,a0I2A00000XQIOhUAP
0012A000023XlbuQAC,a0I2A00000XwUiaUAF
0012A000023XlbuQAC,a0I2A00000XuPRKUA3
0012A000023XlbuQAC,a0I2A00000XQHCKUA5
0012A000023XlbuQAC,a0I2A00000XQjCjUAL
0012A000023XlbuQAC,a0I2A00000XQKlMUAX
0012A000023XlbuQAC,a0I2A00000XQIewUAH
0012A000023XlbuQAC,a0I2A00000XQIpPUAX
0012A000023XlbuQAC,a0I2A00000XQGmrUAH
0012A000023XlbuQAC,a0I2A00000XQKisUAH
0012A000023XlbuQAC,a0I2A00000XQQe8UAH
0012A000023XlbuQAC,a0I2A00000XQJkpUAH
0012A000023XlbuQAC,a0I2A00000Y6P1kUAF
0012A000023XlbuQAC,a0I2A00000XQOd1UAH
0012A000023XlbuQAC,a0I2A00000XQJBqUAP
0012A000023XlbuQAC,a0I2A00000XQJxSUAX
0012A000023XlbuQAC,a0I2A00000XQIgIUAX
0012A000023XlbuQAC,a0I2A00000YGK35UAH
0012A000023XlbuQAC,a0I2A00000XQLSvUAP
0012A000023XlbuQAC,a0I2A00000XQKbRUAX
0012A000023XlbuQAC,a0I2A00000XQP6yUAH
0012A000023XlbuQAC,a0I2A00000XQTTJUA5
0012A000023XlbuQAC,a0I2A00000XuBGJUA3
0012A000023XlbuQAC,a0I2A00000XQXKUUA5
0012A000023XlbuQAC,a0I2A00000XQJuaUAH
0012A000023XlbuQAC,a0I2A00000XQKXbUAP
0012A000023XlbuQAC,a0I2A00000XudzqUAB
0012A000023XlbuQAC,a0I2A00000XQIsGUAX
0012A000023XlbuQAC,a0I2A00000XQGf5UAH
0012A000023XlbuQAC,a0I2A00000XQHPOUA5
0012A000023XlbuQAC,a0I2A00000XQRmHUAX
0012A000023XlbuQAC,a0I2A00000XQLdqUAH
0012A000023XlbuQAC,a0I2A00000XwXmVUAV
0012A000023XlbuQAC,a0I2A00000XQGvsUAH
0012A000023XlbuQAC,a0I2A00000XQIkoUAH
0012A000023XlbuQAC,a0I2A00000XQGu5UAH
0012A000023XlbuQAC,a0I2A00000XQHnQUAX
0012A000023XlbuQAC,a0I2A00000XQLKlUAP
0012A000023XlbuQAC,a0I2A00000XQI8cUAH
0012A000023XlbuQAC,a0I2A00000XQLqwUAH
0012A000023XlbuQAC,a0I2A00000XQLfsUAH
0012A000023XlbuQAC,a0I2A00000XQIMdUAP
0012A000023XlbuQAC,a0I2A00000XQJGgUAP
0012A000023XlbuQAC,a0I2A00000XQH4yUAH
0012A000023XlbuQAC,a0I2A00000XQKGzUAP
0012A000023XlbuQAC,a0I2A00000XuObrUAF
0012A000023XlbuQAC,a0I2A00000XvA3vUAF
0012A000023XlbuQAC,a0I2A00000XQKseUAH
0012A000023XlbuQAC,a0I2A00000XQKT1UAP
0012A000023XlbuQAC,a0I2A00000XQKNKUA5
0012A000023XlbuQAC,a0I2A00000XQILgUAP
0012A000023XlbuQAC,a0I2A00000XuPKTUA3
0012A000023XlbuQAC,a0I2A00000XQYPfUAP
0012A000023XlbuQAC,a0I2A00000XuJstUAF
0012A000023Xlh9QAC,a0I2A00000XQHSkUAP
0012A000023Xlh9QAC,a0I2A00000XuQ7TUAV
0012A000023Xlh9QAC,a0I2A00000XQSbQUAX
0012A000023Xlh9QAC,a0I2A00000XQIQWUA5
0012A000023Xlh9QAC,a0I2A00000XQJoiUAH
0012A000023Xlh9QAC,a0I2A00000XQH32UAH
0012A000023Xlh9QAC,a0I2A00000XQKLPUA5
0012A000023Xlh9QAC,a0I2A00000XQLLtUAP
0012A000023Xlh9QAC,a0I2A00000XQLJnUAP
0012A000023Xlh9QAC,a0I2A00000XuRMQUA3
0012A000023Xlh9QAC,a0I2A00000XQYhcUAH
0012A000023Xlh9QAC,a0I2A00000XQGylUAH
0012A000023Xlh9QAC,a0I2A00000XQL1cUAH
0012A000023Xlh9QAC,a0I2A00000XvA40UAF
0012A000023Xlh9QAC,a0I2A00000XwZZtUAN
0012A000023Xlh9QAC,a0I2A00000XQHxVUAX
0012A000023Xlh9QAC,a0I2A00000XQKfbUAH
0012A000023Xlh9QAC,a0I2A00000XwQSlUAN
0012A000023Xlh9QAC,a0I2A00000XQIlWUAX
0012A000023Xlh9QAC,a0I2A00000XuTQOUA3
0012A000023Xlh9QAC,a0I2A00000XQI3kUAH
0012A000023Xlh9QAC,a0I2A00000XQIG3UAP
0012A000023Xlh9QAC,a0I2A00000XQLJkUAP
0012A000023Xlh9QAC,a0I2A00000XQJA5UAP
0012A000023Xlh9QAC,a0I2A00000XQLJgUAP
0012A000023Xlh9QAC,a0I2A00000XQLcIUAX
0012A000023Xlh9QAC,a0I2A00000XQJO2UAP
0012A000023Xlh9QAC,a0I2A00000XQGT0UAP
0012A000023Xlh9QAC,a0I2A00000XQIhmUAH
0012A000023Xlh9QAC,a0I2A00000XQKfOUAX
0012A000023Xlh9QAC,a0I2A00000XQbXeUAL
0012A000023Xlh9QAC,a0I2A00000XQLMyUAP
0012A000023Xlh9QAC,a0I2A00000XQMWpUAP
0012A000023Xlh9QAC,a0I2A00000XQLJsUAP
0012A000023Xlh9QAC,a0I2A00000XQLucUAH
0012A000023Xlh9QAC,a0I2A00000XQHDZUA5
0012A000023Xlh9QAC,a0I2A00000XQGMEUA5
0012A000023Xlh9QAC,a0I2A00000XQRXnUAP
0012A000023Xlh9QAC,a0I2A00000XQbpoUAD
0012A000023Xlh9QAC,a0I2A00000XQTAlUAP
0012A000023Xlh9QAC,a0I2A00000XQKuDUAX
0012A000023Xlh9QAC,a0I2A00000XwJxpUAF
0012A000023Xlh9QAC,a0I2A00000XQMSdUAP
0012A000023Xlh9QAC,a0I2A00000ZG5JTUA1
0012A000023Xlh9QAC,a0I2A00000XuD5mUAF
0012A000023Xlh9QAC,a0I2A00000XQHo6UAH
0012A000023Xlh9QAC,a0I2A00000XQdZIUA1
0012A000023Xlh9QAC,a0I2A00000XwYqxUAF
0012A000023Xlh9QAC,a0I2A00000XQHj4UAH
0012A000023Xlh9QAC,a0I2A00000XQLpVUAX
0012A000023Xlh9QAC,a0I2A00000XQIy7UAH
0012A000023Xlh9QAC,a0I2A00000YIjB5UAL
0012A000023Xlh9QAC,a0I2A00000XQKgeUAH
0012A000023Xlh9QAC,a0I2A00000XQTbfUAH
0012A000023Xlh9QAC,a0I2A00000XQKhAUAX
0012A000023Xlh9QAC,a0I2A00000XwLLcUAN
0012A000023Xlh9QAC,a0I2A00000XQPpqUAH
0012A000023Xlh9QAC,a0I2A00000Y5xrnUAB
0012A000023Xlh9QAC,a0I2A00000XQLpEUAX
0012A000023Xlh9QAC,a0I2A00000Xu9VNUAZ
0012A000023XlhdQAC,a0I2A00000XQKJRUA5
0012A000023XlhdQAC,a0I2A00000XQI7cUAH
0012A000023XlhdQAC,a0I2A00000XQJ42UAH
0012A000023XlhdQAC,a0I2A00000XuDHyUAN
0012A000023XlhdQAC,a0I2A00000XuOtJUAV
0012A000023XlhdQAC,a0I2A00000XQLbJUAX
0012A000023XlhdQAC,a0I2A00000XQKbzUAH
0012A000023XlhdQAC,a0I2A00000XQiz3UAD
0012A000023XlhdQAC,a0I2A00000XQLJjUAP
0012A000023XlhdQAC,a0I2A00000XQIn9UAH
0012A000023XlhdQAC,a0I2A00000XQI35UAH
0012A000023XlhdQAC,a0I2A00000XQj04UAD
0012A000023XlhdQAC,a0I2A00000XQLTxUAP
0012A000023XlhdQAC,a0I2A00000XQScWUAX
0012A000023XlhdQAC,a0I2A00000XwbRQUAZ
0012A000023XlhdQAC,a0I2A00000XQKd3UAH
0012A000023XlhdQAC,a0I2A00000XQVH5UAP
0012A000023XlhdQAC,a0I2A00000XQH7eUAH
0012A000023XlhdQAC,a0I2A00000XQK5PUAX
0012A000023XlhdQAC,a0I2A00000XQewkUAD
0012A000023XlhdQAC,a0I2A00000Xwam1UAB
0012A000023XlhdQAC,a0I2A00000XQNFFUA5
0012A000023XlhdQAC,a0I2A00000XQI8tUAH
0012A000023XlhdQAC,a0I2A00000XQPtGUAX
0012A000023XlhdQAC,a0I2A00000XQM4RUAX
0012A000023XlhdQAC,a0I2A00000XQIqIUAX
0012A000023XlhdQAC,a0I2A00000XQHhsUAH
0012A000023XlhdQAC,a0I2A00000XQIdQUAX
0012A000023XlhdQAC,a0I2A00000XQRDzUAP
0012A000023XlhdQAC,a0I2A00000XQJA4UAP
0012A000023XlhdQAC,a0I2A00000XwaynUAB
0012A000023XlhdQAC,a0I2A00000XQVwMUAX
0012A000023XlhdQAC,a0I2A00000XQLJKUA5
0012A000023XlhdQAC,a0I2A00000XQM8GUAX
0012A000023XlhdQAC,a0I2A00000XQJl9UAH
0012A000023XlhdQAC,a0I2A00000XuMIpUAN
0012A000023XlhdQAC,a0I2A00000XQIbFUAX
0012A000023XlhdQAC,a0I2A00000XQRIHUA5
0012A000023XlhdQAC,a0I2A00000XQJl8UAH
0012A000023XlhdQAC,a0I2A00000XQXjYUAX
0012A000023XlhdQAC,a0I2A00000XwVFbUAN
0012A000023XlhdQAC,a0I2A00000XQHSWUA5
0012A000023XlhdQAC,a0I2A00000XwWfxUAF
0012A000023XlhdQAC,a0I2A00000XQRY0UAP
0012A000023XlhdQAC,a0I2A00000XQJzHUAX
0012A000023XlhdQAC,a0I2A00000XQHnOUAX
0012A000023XlhdQAC,a0I2A00000XQLpCUAX
0012A000023XlhdQAC,a0I2A00000XQHbyUAH
0012A000023XlhdQAC,a0I2A00000XQLVsUAP
0012A000023XlhdQAC,a0I2A00000XQHkQUAX
0012A000023XlhdQAC,a0I2A00000YIjB8UAL
0012A000023XlhdQAC,a0I2A00000XQGg3UAH
0012A000023XlhdQAC,a0I2A00000XQLLyUAP
0012A000023XlhdQAC,a0I2A00000XQIL7UAP
0012A000023XlhdQAC,a0I2A00000XQJwAUAX
0012A000023XlhdQAC,a0I2A00000ZGraTUAT
0012A000023XlhdQAC,a0I2A00000XQIIDUA5
0012A000023XlhdQAC,a0I2A00000XQHvjUAH
0012A000023XlhdQAC,a0I2A00000XQHVbUAP
0012A000023XlhdQAC,a0I2A00000XwnMAUAZ
0012A000023XlkNQAS,a0I2A00000XQIHtUAP
0012A000023XlkNQAS,a0I2A00000XQIDyUAP
0012A000023XlkNQAS,a0I2A00000XQIa4UAH
0012A000023XlkNQAS,a0I2A00000XwM0XUAV
0012A000023XlkNQAS,a0I2A00000XQK1pUAH
0012A000023XlkNQAS,a0I2A00000XQVR8UAP
0012A000023XlkNQAS,a0I2A00000XQHNxUAP
0012A000023XlkNQAS,a0I2A00000YFTFAUA5
0012A000023XlkNQAS,a0I2A00000XQJcEUAX
0012A000023XlkNQAS,a0I2A00000XQibgUAD
0012A000023XlkNQAS,a0I2A00000XQL8wUAH
0012A000023XlkNQAS,a0I2A00000XQINmUAP
0012A000023XlkNQAS,a0I2A00000XQLJNUA5
0012A000023XlkNQAS,a0I2A00000XwHGUUA3
0012A000023XlkNQAS,a0I2A00000XQHs5UAH
0012A000023XlkNQAS,a0I2A00000XQHeHUAX
0012A000023XlkNQAS,a0I2A00000XQQEPUA5
0012A000023XlkNQAS,a0I2A00000XQKN2UAP
0012A000023XlkNQAS,a0I2A00000ZG5JXUA1
0012A000023XlkNQAS,a0I2A00000XQJ3YUAX
0012A000023XlkNQAS,a0I2A00000XQInuUAH
0012A000023XlkNQAS,a0I2A00000XQJ3KUAX
0012A000023XlkNQAS,a0I2A00000XQGjgUAH
0012A000023XlkNQAS,a0I2A00000XQH5TUAX
0012A000023XlkNQAS,a0I2A00000XQNnYUAX
0012A000023XlkNQAS,a0I2A00000XQVH5UAP
0012A000023XlkNQAS,a0I2A00000XQTu1UAH
0012A000023XlkNQAS,a0I2A00000XQI7cUAH
0012A000023XlkNQAS,a0I2A00000XQIDuUAP
0012A000023XlkNQAS,a0I2A00000XQIvnUAH
0012A000023XlkNQAS,a0I2A00000XQHJJUA5
0012A000023XlkNQAS,a0I2A00000XQVAmUAP
0012A000023XlkNQAS,a0I2A00000XQI67UAH
0012A000023XlkNQAS,a0I2A00000XuX4CUAV
0012A000023XlkNQAS,a0I2A00000XQIdQUAX
0012A000023XlkNQAS,a0I2A00000XQJXcUAP
0012A000023XlkNQAS,a0I2A00000XQI1XUAX
0012A000023XlkNQAS,a0I2A00000XQKJRUA5
0012A000023XlkNQAS,a0I2A00000XQGmuUAH
0012A000023XlkNQAS,a0I2A00000XQKcAUAX
0012A000023XlkNQAS,a0I2A00000XQL8WUAX
0012A000023XlkNQAS,a0I2A00000XQKw0UAH
0012A000023XlkNQAS,a0I2A00000XQGbOUAX
0012A000023XlkNQAS,a0I2A00000XQWIHUA5
0012A000023XlkNQAS,a0I2A00000XQIhWUAX
0012A000023XlkNQAS,a0I2A00000XQHvjUAH
0012A000023XlkNQAS,a0I2A00000XQIuXUAX
0012A000023XlkNQAS,a0I2A00000XQVwMUAX
0012A000023XlkNQAS,a0I2A00000XQOmEUAX
0012A000023XlkNQAS,a0I2A00000XQHF2UAP
0012A000023XlkNQAS,a0I2A00000XQKGOUA5
0012A000023XlkNQAS,a0I2A00000XwanKUAR
0012A000023XlkNQAS,a0I2A00000XxlrGUAR
0012A000023XlkNQAS,a0I2A00000XQKZ4UAP
0012A000023XlkNQAS,a0I2A00000XQI3xUAH
0012A000023XlkNQAS,a0I2A00000Xu9wSUAR
0012A000023XlkNQAS,a0I2A00000XQHgZUAX
0012A000023XlkNQAS,a0I2A00000XQL6oUAH
0012A000023XlkNQAS,a0I2A00000YHE7aUAH
0012A000023XlkNQAS,a0I2A00000XQGz8UAH
0012A000023XlnWQAS,a0I2A00000XuX8ZUAV
0012A000023XlnWQAS,a0I2A00000XQH9nUAH
0012A000023XlnWQAS,a0I2A00000XQQM7UAP
0012A000023XlnWQAS,a0I2A00000XQGvHUAX
0012A000023XlnWQAS,a0I2A00000XQHe1UAH
0012A000023XlnWQAS,a0I2A00000XQLj7UAH
0012A000023XlnWQAS,a0I2A00000XQIvnUAH
0012A000023XlnWQAS,a0I2A00000XQL5aUAH
0012A000023XlnWQAS,a0I2A00000XvA3vUAF
0012A000023XlnWQAS,a0I2A00000XQUOsUAP
0012A000023XlnWQAS,a0I2A00000XQIXwUAP
0012A000023XlnWQAS,a0I2A00000XQH84UAH
0012A000023XlnWQAS,a0I2A00000XQIrDUAX
0012A000023XlnWQAS,a0I2A00000XQGluUAH
0012A000023XlnWQAS,a0I2A00000XQJnpUAH
0012A000023XlnWQAS,a0I2A00000XQHwnUAH
0012A000023XlnWQAS,a0I2A00000XQHFhUAP
0012A000023XlnWQAS,a0I2A00000XQX0CUAX
0012A000023XlnWQAS,a0I2A00000XQIhcUAH
0012A000023XlnWQAS,a0I2A00000XQKNKUA5
0012A000023XlnWQAS,a0I2A00000XuP2rUAF
0012A000023XlnWQAS,a0I2A00000XQJIOUA5
0012A000023XlnWQAS,a0I2A00000XQIlWUAX
0012A000023XlnWQAS,a0I2A00000XQM3hUAH
0012A000023XlnWQAS,a0I2A00000XQkLrUAL
0012A000023XlnWQAS,a0I2A00000XQHPsUAP
0012A000023XlnWQAS,a0I2A00000XQLREUA5
0012A000023XlnWQAS,a0I2A00000ZG5JYUA1
0012A000023XlnWQAS,a0I2A00000XQJkoUAH
0012A000023XlnWQAS,a0I2A00000XQJGgUAP
0012A000023XlnWQAS,a0I2A00000XwbP0UAJ
0012A000023XlnWQAS,a0I2A00000XQOmEUAX
0012A000023XlnWQAS,a0I2A00000XQIDmUAP
0012A000023XlnWQAS,a0I2A00000XQHDZUA5
0012A000023XlnWQAS,a0I2A00000Y6DYdUAN
0012A000023XlnWQAS,a0I2A00000XQLKcUAP
0012A000023XlnWQAS,a0I2A00000XQM2oUAH
0012A000023XlnWQAS,a0I2A00000XQIPeUAP
0012A000023XlnWQAS,a0I2A00000XwWQ9UAN
0012A000023XlnWQAS,a0I2A00000XuOnbUAF
0012A000023XlnWQAS,a0I2A00000XQUT0UAP
0012A000023XlnWQAS,a0I2A00000XQRmHUAX
0012A000023XlnWQAS,a0I2A00000XuYrnUAF
0012A000023XlnWQAS,a0I2A00000XQhmXUAT
0012A000023XlnWQAS,a0I2A00000XQIaMUAX
0012A000023XlnWQAS,a0I2A00000XQHE2UAP
0012A000023XlnWQAS,a0I2A00000XuM3iUAF
0012A000023XlnWQAS,a0I2A00000XQQoWUAX
0012A000023XlnWQAS,a0I2A00000XQHlfUAH
0012A000023XlnWQAS,a0I2A00000XQJU1UAP
0012A000023XlnWQAS,a0I2A00000XvpLDUAZ
0012A000023XlnWQAS,a0I2A00000XQJi9UAH
0012A000023XlnWQAS,a0I2A00000XQGYkUAP
0012A000023XlnWQAS,a0I2A00000XuCNIUA3
0012A000023XlnWQAS,a0I2A00000XQKGOUA5
0012A000023XlnWQAS,a0I2A00000XwgemUAB
0012A000023XlnWQAS,a0I2A00000XQI0wUAH
0012A000023XlnWQAS,a0I2A00000XQYlDUAX
0012A000023XlnWQAS,a0I2A00000XQJomUAH
0012A000023XlnWQAS,a0I2A00000XwLVmUAN
0012A000023XlnqQAC,a0I2A00000XQIDyUAP
0012A000023XlnqQAC,a0I2A00000XQJQTUA5
0012A000023XlnqQAC,a0I2A00000XQKGJUA5
0012A000023XlnqQAC,a0I2A00000XQkRSUA1
0012A000023XlnqQAC,a0I2A00000XQHNxUAP
0012A000023XlnqQAC,a0I2A00000XQIa4UAH
0012A000023XlnqQAC,a0I2A00000XQJGTUA5
0012A000023XlnqQAC,a0I2A00000XQJOBUA5
0012A000023XlnqQAC,a0I2A00000XQJcEUAX
0012A000023XlnqQAC,a0I2A00000XQVR8UAP
0012A000023XlnqQAC,a0I2A00000XQIOhUAP
0012A000023XlnqQAC,a0I2A00000XQK1pUAH
0012A000023XlnqQAC,a0I2A00000XQHVWUA5
0012A000023XlnqQAC,a0I2A00000YFTFAUA5
0012A000023XlnqQAC,a0I2A00000XQL9bUAH
0012A000023XlnqQAC,a0I2A00000XQRV4UAP
0012A000023XlnqQAC,a0I2A00000XQdSnUAL
0012A000023XlnqQAC,a0I2A00000XQHeHUAX
0012A000023XlnqQAC,a0I2A00000XQLKcUAP
0012A000023XlnqQAC,a0I2A00000XwXtTUAV
0012A000023XlnqQAC,a0I2A00000XQLpCUAX
0012A000023XlnqQAC,a0I2A00000ZGraTUAT
0012A000023XlnqQAC,a0I2A00000XQGu5UAH
0012A000023XlnqQAC,a0I2A00000XQYyZUAX
0012A000023XlnqQAC,a0I2A00000XQX0CUAX
0012A000023XlnqQAC,a0I2A00000XQM5iUAH
0012A000023XlnqQAC,a0I2A00000XwHGUUA3
0012A000023XlnqQAC,a0I2A00000XQIhcUAH
0012A000023XlnqQAC,a0I2A00000XQGbRUAX
0012A000023XlnqQAC,a0I2A00000XQGbPUAX
0012A000023XlnqQAC,a0I2A00000XQJl8UAH
0012A000023XlnqQAC,a0I2A00000XuPVNUA3
0012A000023XlnqQAC,a0I2A00000XQL8wUAH
0012A000023XlnqQAC,a0I2A00000XQkLrUAL
0012A000023XlnqQAC,a0I2A00000XQHkvUAH
0012A000023XlnqQAC,a0I2A00000XQLREUA5
0012A000023XlnqQAC,a0I2A00000XQLpVUAX
0012A000023XlnqQAC,a0I2A00000XQINmUAP
0012A000023XlnqQAC,a0I2A00000XQHnnUAH
0012A000023XlnqQAC,a0I2A00000XwUiaUAF
0012A000023XlnqQAC,a0I2A00000XwbP0UAJ
0012A000023XlnqQAC,a0I2A00000XQHvvUAH
0012A000023XlnqQAC,a0I2A00000XQKXAUA5
0012A000023XlnqQAC,a0I2A00000XQXjYUAX
0012A000023XlnqQAC,a0I2A00000XQKoNUAX
0012A000023XlnqQAC,a0I2A00000XQIDuUAP
0012A000023XlnqQAC,a0I2A00000XQH7jUAH
0012A000023XlnqQAC,a0I2A00000XwL85UAF
0012A000023XlnqQAC,a0I2A00000XQHJJUA5
0012A000023XlnqQAC,a0I2A00000XQchzUAD
0012A000023XlnqQAC,a0I2A00000XQVAmUAP
0012A000023XlnqQAC,a0I2A00000XQM2oUAH
0012A000023XlnqQAC,a0I2A00000XQIlUUAX
0012A000023XlnqQAC,a0I2A00000XuYrnUAF
0012A000023XlnqQAC,a0I2A00000XQGeGUAX
0012A000023XlnqQAC,a0I2A00000XQWIHUA5
0012A000023XlnqQAC,a0I2A00000XQLJKUA5
0012A000023XlnqQAC,a0I2A00000XQLCrUAP
0012A000023XlnqQAC,a0I2A00000XQKShUAP
0012A000023XlnqQAC,a0I2A00000XQj04UAD
0012A000023Xp5LQAS,a0I2A00000XQNn6UAH
0012A000023Xp5LQAS,a0I2A00000XQHSkUAP
0012A000023Xp5LQAS,a0I2A00000XQIQWUA5
0012A000023Xp5LQAS,a0I2A00000XQJoiUAH
0012A000023Xp5LQAS,a0I2A00000XQIvmUAH
0012A000023Xp5LQAS,a0I2A00000XQH32UAH
0012A000023Xp5LQAS,a0I2A00000XQMAXUA5
0012A000023Xp5LQAS,a0I2A00000XQKLPUA5
0012A000023Xp5LQAS,a0I2A00000XQLLtUAP
0012A000023Xp5LQAS,a0I2A00000XQLJnUAP
0012A000023Xp5LQAS,a0I2A00000XQKEFUA5
0012A000023Xp5LQAS,a0I2A00000XQGylUAH
0012A000023Xp5LQAS,a0I2A00000XQRIHUA5
0012A000023Xp5LQAS,a0I2A00000XQL1cUAH
0012A000023Xp5LQAS,a0I2A00000XvA40UAF
0012A000023Xp5LQAS,a0I2A00000XQIPMUA5
0012A000023Xp5LQAS,a0I2A00000XQICWUA5
0012A000023Xp5LQAS,a0I2A00000XQHxVUAX
0012A000023Xp5LQAS,a0I2A00000XQKfbUAH
0012A000023Xp5LQAS,a0I2A00000YIzH6UAL
0012A000023Xp5LQAS,a0I2A00000XwQSlUAN
0012A000023Xp5LQAS,a0I2A00000XQQoWUAX
0012A000023Xp5LQAS,a0I2A00000XQIlWUAX
0012A000023Xp5LQAS,a0I2A00000XuTQOUA3
0012A000023Xp5LQAS,a0I2A00000XQYJQUA5
0012A000023Xp5LQAS,a0I2A00000XQI3kUAH
0012A000023Xp5LQAS,a0I2A00000XQh2eUAD
0012A000023Xp5LQAS,a0I2A00000XQIG3UAP
0012A000023Xp5LQAS,a0I2A00000XQLJkUAP
0012A000023Xp5LQAS,a0I2A00000XQJA5UAP
0012A000023Xp5LQAS,a0I2A00000Y7POaUAN
0012A000023Xp5LQAS,a0I2A00000XQLJgUAP
0012A000023Xp5LQAS,a0I2A00000XQLcIUAX
0012A000023Xp5LQAS,a0I2A00000XQNjWUAX
0012A000023Xp5LQAS,a0I2A00000XuD5mUAF
0012A000023Xp5LQAS,a0I2A00000XQJO2UAP
0012A000023Xp5LQAS,a0I2A00000XQGT0UAP
0012A000023Xp5LQAS,a0I2A00000XQIhmUAH
0012A000023Xp5LQAS,a0I2A00000XQKfOUAX
0012A000023Xp5LQAS,a0I2A00000XQH7jUAH
0012A000023Xp5LQAS,a0I2A00000XQQmDUAX
0012A000023Xp5LQAS,a0I2A00000XQUU2UAP
0012A000023Xp5LQAS,a0I2A00000XQLMyUAP
0012A000023Xp5LQAS,a0I2A00000XQMWpUAP
0012A000023Xp5LQAS,a0I2A00000XQLJsUAP
0012A000023Xp5LQAS,a0I2A00000XQLucUAH
0012A000023Xp5LQAS,a0I2A00000XQJCoUAP
0012A000023Xp5LQAS,a0I2A00000XQHDZUA5
0012A000023Xp5LQAS,a0I2A00000XQHeyUAH
0012A000023Xp5LQAS,a0I2A00000XQGMEUA5
0012A000023Xp5LQAS,a0I2A00000XQRXnUAP
0012A000023Xp5LQAS,a0I2A00000XQbpoUAD
0012A000023Xp5LQAS,a0I2A00000XQSdhUAH
0012A000023Xp5LQAS,a0I2A00000XQTAlUAP
0012A000023Xp5LQAS,a0I2A00000XQJVyUAP
0012A000023Xp5LQAS,a0I2A00000XQKuDUAX
0012A000023Xp5LQAS,a0I2A00000XQLbDUAX
0012A000023Xp5LQAS,a0I2A00000ZG5JTUA1
0012A000023Xp5LQAS,a0I2A00000XQYyZUAX
0012A000023Xp5LQAS,a0I2A00000XQKnJUAX
0012A000023Xm35QAC,a0I2A00000XQLD4UAP
0012A000023Xm35QAC,a0I2A00000XQHNwUAP
0012A000023Xm35QAC,a0I2A00000XQL90UAH
0012A000023Xm35QAC,a0I2A00000XuPKTUA3
0012A000023Xm35QAC,a0I2A00000XQHnQUAX
0012A000023Xm35QAC,a0I2A00000XQdSnUAL
0012A000023Xm35QAC,a0I2A00000XQIuCUAX
0012A000023Xm35QAC,a0I2A00000XQRV4UAP
0012A000023Xm35QAC,a0I2A00000XQIDxUAP
0012A000023Xm35QAC,a0I2A00000XQICQUA5
0012A000023Xm35QAC,a0I2A00000XQYPfUAP
0012A000023Xm35QAC,a0I2A00000XuYrnUAF
0012A000023Xm35QAC,a0I2A00000XQVzLUAX
0012A000023Xm35QAC,a0I2A00000XQKbRUAX
0012A000023Xm35QAC,a0I2A00000XQVE2UAP
0012A000023Xm35QAC,a0I2A00000XQT0XUAX
0012A000023Xm35QAC,a0I2A00000XQL8yUAH
0012A000023Xm35QAC,a0I2A00000XQH3TUAX
0012A000023Xm35QAC,a0I2A00000XQKieUAH
0012A000023Xm35QAC,a0I2A00000XwW4xUAF
0012A000023Xm35QAC,a0I2A00000XuBGJUA3
0012A000023Xm35QAC,a0I2A00000XweXwUAJ
0012A000023Xm35QAC,a0I2A00000XQJ31UAH
0012A000023Xm35QAC,a0I2A00000XQJ3JUAX
0012A000023Xm35QAC,a0I2A00000YH03hUAD
0012A000023Xm35QAC,a0I2A00000XuCNIUA3
0012A000023Xm35QAC,a0I2A00000XQL8uUAH
0012A000023Xm35QAC,a0I2A00000XwMryUAF
0012A000023Xm35QAC,a0I2A00000XQkLrUAL
0012A000023Xm35QAC,a0I2A00000XQL5aUAH
0012A000023Xm35QAC,a0I2A00000XQaUqUAL
0012A000023Xm35QAC,a0I2A00000XQGi5UAH
0012A000023Xm35QAC,a0I2A00000XwDbBUAV
0012A000023Xm35QAC,a0I2A00000XQKXBUA5
0012A000023Xm35QAC,a0I2A00000XQeKcUAL
0012A000023Xm35QAC,a0I2A00000XQK1oUAH
0012A000023Xm35QAC,a0I2A00000YHFt0UAH
0012A000023Xm35QAC,a0I2A00000XQXEeUAP
0012A000023Xm35QAC,a0I2A00000XQJi9UAH
0012A000023Xm35QAC,a0I2A00000XQL8vUAH
0012A000023Xm35QAC,a0I2A00000XQIj5UAH
0012A000023Xm35QAC,a0I2A00000XQK1ZUAX
0012A000023Xm35QAC,a0I2A00000XQIDwUAP
0012A000023Xm35QAC,a0I2A00000XuOlwUAF
0012A000023Xm35QAC,a0I2A00000XQQoWUAX
0012A000023Xm35QAC,a0I2A00000XuP1uUAF
0012A000023Xm35QAC,a0I2A00000XQLVWUA5
0012A000023Xm35QAC,a0I2A00000XQJzNUAX
0012A000023Xm35QAC,a0I2A00000XQLEHUA5
0012A000023Xm35QAC,a0I2A00000XQLe5UAH
0012A000023Xm35QAC,a0I2A00000Y5k4wUAB
0012A000023Xm35QAC,a0I2A00000XQHwnUAH
0012A000023Xm35QAC,a0I2A00000XQJ34UAH
0012A000023Xm35QAC,a0I2A00000XQL91UAH
0012A000023Xm35QAC,a0I2A00000XQkRSUA1
0012A000023Xm35QAC,a0I2A00000XQKYhUAP
0012A000023Xm35QAC,a0I2A00000XQHVWUA5
0012A000023Xm35QAC,a0I2A00000XQK1sUAH
0012A000023Xm35QAC,a0I2A00000XQICSUA5
0012A000023Xm35QAC,a0I2A00000XQQvyUAH
0012A000023YB67QAG,a0I2A00000XwLZCUA3
0012A000023YB67QAG,a0I2A00000XQKL4UAP
0012A000023YB67QAG,a0I2A00000XQJnuUAH
0012A000023YB67QAG,a0I2A00000XQLnjUAH
0012A000023YB67QAG,a0I2A00000XQfERUA1
0012A000023YB67QAG,a0I2A00000XQbXeUAL
0012A000023YB67QAG,a0I2A00000XQRmbUAH
0012A000023YB67QAG,a0I2A00000XQHUnUAP
0012A000023YB67QAG,a0I2A00000XQLq3UAH
0012A000023YB67QAG,a0I2A00000XQKhAUAX
0012A000023YB67QAG,a0I2A00000XQHGVUA5
0012A000023YB67QAG,a0I2A00000XQIHyUAP
0012A000023YB67QAG,a0I2A00000XQGXzUAP
0012A000023YB67QAG,a0I2A00000XQGiaUAH
0012A000023YB67QAG,a0I2A00000XwNTQUA3
0012A000023YB67QAG,a0I2A00000XQJ2YUAX
0012A000023YB67QAG,a0I2A00000XQI35UAH
0012A000023YB67QAG,a0I2A00000XuRe9UAF
0012A000023YB67QAG,a0I2A00000XwWc0UAF
0012A000023YB67QAG,a0I2A00000XQM6VUAX
0012A000023YB67QAG,a0I2A00000XQQM7UAP
0012A000023YB67QAG,a0I2A00000XQIdQUAX
0012A000023YB67QAG,a0I2A00000XQKZ4UAP
0012A000023YB67QAG,a0I2A00000XuRMQUA3
0012A000023YB67QAG,a0I2A00000XQPtGUAX
0012A000023YB67QAG,a0I2A00000XQWyZUAX
0012A000023YB67QAG,a0I2A00000XQLCrUAP
0012A000023YB67QAG,a0I2A00000XwJxpUAF
0012A000023YB67QAG,a0I2A00000XQIrDUAX
0012A000023YB67QAG,a0I2A00000XuQ7TUAV
0012A000023YB67QAG,a0I2A00000XQGmuUAH
0012A000023YB67QAG,a0I2A00000XwZZtUAN
0012A000023YB67QAG,a0I2A00000XQHpfUAH
0012A000023YB67QAG,a0I2A00000XQYhcUAH
0012A000023YB67QAG,a0I2A00000XQHPOUA5
0012A000023YB67QAG,a0I2A00000XuUSkUAN
0012A000023YB67QAG,a0I2A00000XQRleUAH
0012A000023YB67QAG,a0I2A00000XQLdqUAH
0012A000023YB67QAG,a0I2A00000XQHhsUAH
0012A000023YB67QAG,a0I2A00000XwXmVUAV
0012A000023YB67QAG,a0I2A00000XwXO8UAN
0012A000023YB67QAG,a0I2A00000XQIkoUAH
0012A000023YB67QAG,a0I2A00000XQRlsUAH
0012A000023YB67QAG,a0I2A00000XQfEkUAL
0012A000023YB67QAG,a0I2A00000XuRj2UAF
0012A000023YB67QAG,a0I2A00000XQRIHUA5
0012A000023YB67QAG,a0I2A00000XQJFtUAP
0012A000023YB67QAG,a0I2A00000XQGvHUAX
0012A000023YB67QAG,a0I2A00000Y6P1lUAF
0012A000023YB67QAG,a0I2A00000XQGjgUAH
0012A000023YB67QAG,a0I2A00000XQKXLUA5
0012A000023YB67QAG,a0I2A00000XQjuYUAT
0012A000023YB67QAG,a0I2A00000XQHlgUAH
0012A000023YB67QAG,a0I2A00000XQHe1UAH
0012A000023YB67QAG,a0I2A00000XwWfxUAF
0012A000023YB67QAG,a0I2A00000XQJzHUAX
0012A000023YB67QAG,a0I2A00000XQL9qUAH
0012A000023YB67QAG,a0I2A00000XQJXUUA5
0012A000023YB67QAG,a0I2A00000XQL9pUAH
0012A000023YB67QAG,a0I2A00000XQLM4UAP
0012A000023XmRwQAK,a0I2A00000XQQvyUAH
0012A000023XmRwQAK,a0I2A00000XuQ3qUAF
0012A000023XmRwQAK,a0I2A00000XQJIOUA5
0012A000023XmRwQAK,a0I2A00000XQXEeUAP
0012A000023XmRwQAK,a0I2A00000XQMPUUA5
0012A000023XmRwQAK,a0I2A00000XQNrbUAH
0012A000023XmRwQAK,a0I2A00000XQMKOUA5
0012A000023XmRwQAK,a0I2A00000XQIDwUAP
0012A000023XmRwQAK,a0I2A00000XQL91UAH
0012A000023XmRwQAK,a0I2A00000XQICSUA5
0012A000023XmRwQAK,a0I2A00000XQH3TUAX
0012A000023XmRwQAK,a0I2A00000XwgemUAB
0012A000023XmRwQAK,a0I2A00000XQIoZUAX
0012A000023XmRwQAK,a0I2A00000XQVzLUAX
0012A000023XmRwQAK,a0I2A00000XQKD7UAP
0012A000023XmRwQAK,a0I2A00000XQM9OUAX
0012A000023XmRwQAK,a0I2A00000XQIQOUA5
0012A000023XmRwQAK,a0I2A00000XQLj8UAH
0012A000023XmRwQAK,a0I2A00000XQICTUA5
0012A000023XmRwQAK,a0I2A00000XuEpeUAF
0012A000023XmRwQAK,a0I2A00000XQICQUA5
0012A000023XmRwQAK,a0I2A00000XQIDxUAP
0012A000023XmRwQAK,a0I2A00000XQIuCUAX
0012A000023XmRwQAK,a0I2A00000YFdd3UAD
0012A000023XmRwQAK,a0I2A00000XQGluUAH
0012A000023XmRwQAK,a0I2A00000XQL94UAH
0012A000023XmRwQAK,a0I2A00000XQlBDUA1
0012A000023XmRwQAK,a0I2A00000XwJJNUA3
0012A000023XmRwQAK,a0I2A00000XQL6tUAH
0012A000023XmRwQAK,a0I2A00000XQHNwUAP
0012A000023XmRwQAK,a0I2A00000XQGotUAH
0012A000023XmRwQAK,a0I2A00000XQGRgUAP
0012A000023XmRwQAK,a0I2A00000XQLD4UAP
0012A000023XmRwQAK,a0I2A00000XwMryUAF
0012A000023XmRwQAK,a0I2A00000XQL90UAH
0012A000023XmRwQAK,a0I2A00000XQM5aUAH
0012A000023XmRwQAK,a0I2A00000XQIgJUAX
0012A000023XmRwQAK,a0I2A00000XQIs4UAH
0012A000023XmRwQAK,a0I2A00000XQGjcUAH
0012A000023XmRwQAK,a0I2A00000XQINyUAP
0012A000023XmRwQAK,a0I2A00000XweXwUAJ
0012A000023XmRwQAK,a0I2A00000XQM4MUAX
0012A000023XmRwQAK,a0I2A00000XQKYhUAP
0012A000023XmRwQAK,a0I2A00000XQJrxUAH
0012A000023XmRwQAK,a0I2A00000XQLe5UAH
0012A000023XmRwQAK,a0I2A00000XQJzNUAX
0012A000023XmRwQAK,a0I2A00000XQLVWUA5
0012A000023XmRwQAK,a0I2A00000XwKP8UAN
0012A000023XmRwQAK,a0I2A00000XQJr6UAH
0012A000023XmRwQAK,a0I2A00000XwZK1UAN
0012A000023XmRwQAK,a0I2A00000XwW4xUAF
0012A000023XmRwQAK,a0I2A00000XuL6LUAV
0012A000023XmRwQAK,a0I2A00000XQGx6UAH
0012A000023XmRwQAK,a0I2A00000XQISMUA5
0012A000023XmRwQAK,a0I2A00000XuOnAUAV
0012A000023XmRwQAK,a0I2A00000XQK1dUAH
0012A000023XmRwQAK,a0I2A00000XQGk5UAH
0012A000023XmRwQAK,a0I2A00000XQJhoUAH
0012A000023XmRwQAK,a0I2A00000XQK1oUAH
0012A000023XmRwQAK,a0I2A00000XQM2TUAX
0012A000023XmmFQAS,a0I2A00000XQJU1UAP
0012A000023XmmFQAS,a0I2A00000XQGkbUAH
0012A000023XmmFQAS,a0I2A00000XQIafUAH
0012A000023XmmFQAS,a0I2A00000XQIg9UAH
0012A000023XmmFQAS,a0I2A00000XQK3iUAH
0012A000023XmmFQAS,a0I2A00000XuP2rUAF
0012A000023XmmFQAS,a0I2A00000XwWAKUA3
0012A000023XmmFQAS,a0I2A00000XQRmHUAX
0012A000023XmmFQAS,a0I2A00000XQKisUAH
0012A000023XmmFQAS,a0I2A00000XQHdAUAX
0012A000023XmmFQAS,a0I2A00000XQGSfUAP
0012A000023XmmFQAS,a0I2A00000XQJGgUAP
0012A000023XmmFQAS,a0I2A00000XQIMdUAP
0012A000023XmmFQAS,a0I2A00000XQUOsUAP
0012A000023XmmFQAS,a0I2A00000XwLVmUAN
0012A000023XmmFQAS,a0I2A00000XQJytUAH
0012A000023XmmFQAS,a0I2A00000XQLTrUAP
0012A000023XmmFQAS,a0I2A00000XQKNKUA5
0012A000023XmmFQAS,a0I2A00000XQL0bUAH
0012A000023XmmFQAS,a0I2A00000XQHQPUA5
0012A000023XmmFQAS,a0I2A00000XQHuOUAX
0012A000023XmmFQAS,a0I2A00000Y6P1kUAF
0012A000023XmmFQAS,a0I2A00000XQKRyUAP
0012A000023XmmFQAS,a0I2A00000XQdYeUAL
0012A000023XmmFQAS,a0I2A00000XQby6UAD
0012A000023XmmFQAS,a0I2A00000XvA3vUAF
0012A000023XmmFQAS,a0I2A00000XQH9nUAH
0012A000023XmmFQAS,a0I2A00000XQK5TUAX
0012A000023XmmFQAS,a0I2A00000XwfdjUAB
0012A000023XmmFQAS,a0I2A00000XQIYzUAP
0012A000023XmmFQAS,a0I2A00000XQLolUAH
0012A000023XmmFQAS,a0I2A00000Xv4JhUAJ
0012A000023XmmFQAS,a0I2A00000XQJigUAH
0012A000023XmmFQAS,a0I2A00000XQLl3UAH
0012A000023XmmFQAS,a0I2A00000XQJbzUAH
0012A000023XmmFQAS,a0I2A00000XQI0wUAH
0012A000023XmmFQAS,a0I2A00000XQKseUAH
0012A000023XmmFQAS,a0I2A00000XQM3hUAH
0012A000023XmmFQAS,a0I2A00000XQGyHUAX
0012A000023XmmFQAS,a0I2A00000XuSH2UAN
0012A000023XmmFQAS,a0I2A00000XQJFOUA5
0012A000023XmmFQAS,a0I2A00000XQGvzUAH
0012A000023XmmFQAS,a0I2A00000XQGopUAH
0012A000023XmmFQAS,a0I2A00000XQLj7UAH
0012A000023XmmFQAS,a0I2A00000XQL23UAH
0012A000023XmmFQAS,a0I2A00000XQIXwUAP
0012A000023XmmFQAS,a0I2A00000XQJB2UAP
0012A000023XmmFQAS,a0I2A00000XQM4wUAH
0012A000023XmmFQAS,a0I2A00000XQIyAUAX
0012A000023XmmFQAS,a0I2A00000XQImPUAX
0012A000023XmmFQAS,a0I2A00000XuYntUAF
0012A000023XmmFQAS,a0I2A00000XQKdBUAX
0012A000023XmmFQAS,a0I2A00000XQUT0UAP
0012A000023XmmFQAS,a0I2A00000XQJvYUAX
0012A000023XmmFQAS,a0I2A00000XuX8ZUAV
0012A000023XmmFQAS,a0I2A00000XQLZcUAP
0012A000023XmmFQAS,a0I2A00000XQjwjUAD
0012A000023XmmFQAS,a0I2A00000XwI4YUAV
0012A000023XmmFQAS,a0I2A00000XQYlDUAX
0012A000023XmmFQAS,a0I2A00000XQIvDUAX
0012A000023Y1rtQAC,a0I2A00000YHFt0UAH
0012A000023Y1rtQAC,a0I2A00000XQL8WUAX
0012A000023Y1rtQAC,a0I2A00000XQGi5UAH
0012A000023Y1rtQAC,a0I2A00000XQL8uUAH
0012A000023Y1rtQAC,a0I2A00000XQL8vUAH
0012A000023Y1rtQAC,a0I2A00000XQJ3JUAX
0012A000023Y1rtQAC,a0I2A00000XQIj5UAH
0012A000023Y1rtQAC,a0I2A00000XQJ31UAH
0012A000023Y1rtQAC,a0I2A00000YH03hUAD
0012A000023Y1rtQAC,a0I2A00000XQHF2UAP
0012A000023Y1rtQAC,a0I2A00000XwanKUAR
0012A000023Y1rtQAC,a0I2A00000XQJ3KUAX
0012A000023Y1rtQAC,a0I2A00000XQLEHUA5
0012A000023Y1rtQAC,a0I2A00000XQJ34UAH
0012A000023Y1rtQAC,a0I2A00000XQL8yUAH
0012A000023Y1rtQAC,a0I2A00000XwDbBUAV
0012A000023Y1rtQAC,a0I2A00000XQGRDUA5
0012A000023Y1rtQAC,a0I2A00000XQK1sUAH
0012A000023Y1rtQAC,a0I2A00000XuCFwUAN
0012A000023Y1rtQAC,a0I2A00000XQIQIUA5
0012A000023Y1rtQAC,a0I2A00000YHGHQUA5
0012A000023Y1rtQAC,a0I2A00000XQH1KUAX
0012A000023Y1rtQAC,a0I2A00000XuDHyUAN
0012A000023Y1rtQAC,a0I2A00000XQK1ZUAX
0012A000023Y1rtQAC,a0I2A00000XQKm3UAH
0012A000023Y1rtQAC,a0I2A00000XQK8iUAH
0012A000023Y1rtQAC,a0I2A00000XQJ3YUAX
0012A000023Y1rtQAC,a0I2A00000XwaXUUAZ
0012A000023Y1rtQAC,a0I2A00000XQL8wUAH
0012A000023Y1rtQAC,a0I2A00000XQLe7UAH
0012A000023Y1rtQAC,a0I2A00000XQJSSUA5
0012A000023Y1rtQAC,a0I2A00000XQaUqUAL
0012A000023Y1rtQAC,a0I2A00000XQGhrUAH
0012A000023Y1rtQAC,a0I2A00000XQL90UAH
0012A000023Y1rtQAC,a0I2A00000XwHGUUA3
0012A000023Y1rtQAC,a0I2A00000XQfsHUAT
0012A000023Y1rtQAC,a0I2A00000XwW4xUAF
0012A000023Y1rtQAC,a0I2A00000XQINmUAP
0012A000023Y1rtQAC,a0I2A00000XQJ33UAH
0012A000023Y1rtQAC,a0I2A00000XQLD4UAP
0012A000023Y1rtQAC,a0I2A00000XQLTxUAP
0012A000023Y1rtQAC,a0I2A00000XQHNwUAP
0012A000023Y1rtQAC,a0I2A00000XQK1oUAH
0012A000023Y1rtQAC,a0I2A00000XQGhsUAH
0012A000023Y1rtQAC,a0I2A00000XuPcoUAF
0012A000023Y1rtQAC,a0I2A00000XQGM5UAP
0012A000023Y1rtQAC,a0I2A00000XQLjeUAH
0012A000023Y1rtQAC,a0I2A00000XweXwUAJ
0012A000023Y1rtQAC,a0I2A00000XQJJPUA5
0012A000023Y1rtQAC,a0I2A00000XuGS3UAN
0012A000023Y1rtQAC,a0I2A00000XQIDxUAP
0012A000023Y1rtQAC,a0I2A00000XQIuCUAX
0012A000023Y1rtQAC,a0I2A00000XuQWMUA3
0012A000023Y1rtQAC,a0I2A00000XwP5RUAV
0012A000023Y1rtQAC,a0I2A00000XuOnbUAF
0012A000023Y1rtQAC,a0I2A00000XQICQUA5
0012A000023Y1rtQAC,a0I2A00000XwMryUAF
0012A000023Y1rtQAC,a0I2A00000XQK1pUAH
0012A000023Y1rtQAC,a0I2A00000XQWPaUAP
0012A000023Y1rtQAC,a0I2A00000XQK5FUAX
0012A000023YBFRQA4,a0I2A00000XQSbQUAX
0012A000023YBFRQA4,a0I2A00000XQK8iUAH
0012A000023YBFRQA4,a0I2A00000XQKJRUA5
0012A000023YBFRQA4,a0I2A00000XQGfdUAH
0012A000023YBFRQA4,a0I2A00000XQI7cUAH
0012A000023YBFRQA4,a0I2A00000XQLZcUAP
0012A000023YBFRQA4,a0I2A00000XuQ7TUAV
0012A000023YBFRQA4,a0I2A00000XQhsCUAT
0012A000023YBFRQA4,a0I2A00000XuPcoUAF
0012A000023YBFRQA4,a0I2A00000XQH76UAH
0012A000023YBFRQA4,a0I2A00000XQGQEUA5
0012A000023YBFRQA4,a0I2A00000XQHazUAH
0012A000023YBFRQA4,a0I2A00000XQT6gUAH
0012A000023YBFRQA4,a0I2A00000XQYhcUAH
0012A000023YBFRQA4,a0I2A00000XuRMQUA3
0012A000023YBFRQA4,a0I2A00000XwN30UAF
0012A000023YBFRQA4,a0I2A00000XQGm3UAH
0012A000023YBFRQA4,a0I2A00000XQVH5UAP
0012A000023YBFRQA4,a0I2A00000XQM97UAH
0012A000023YBFRQA4,a0I2A00000XQceXUAT
0012A000023YBFRQA4,a0I2A00000XQLJgUAP
0012A000023YBFRQA4,a0I2A00000XQKNaUAP
0012A000023YBFRQA4,a0I2A00000XQK6xUAH
0012A000023YBFRQA4,a0I2A00000XQHBQUA5
0012A000023YBFRQA4,a0I2A00000XwZibUAF
0012A000023YBFRQA4,a0I2A00000XwZZtUAN
0012A000023YBFRQA4,a0I2A00000XwcQAUAZ
0012A000023YBFRQA4,a0I2A00000XQGM5UAP
0012A000023YBFRQA4,a0I2A00000XQPtGUAX
0012A000023YBFRQA4,a0I2A00000XwRniUAF
0012A000023YBFRQA4,a0I2A00000XQGKpUAP
0012A000023YBFRQA4,a0I2A00000XQLSTUA5
0012A000023YBFRQA4,a0I2A00000XQIdQUAX
0012A000023YBFRQA4,a0I2A00000XQISMUA5
0012A000023YBFRQA4,a0I2A00000XQMSdUAP
0012A000023YBFRQA4,a0I2A00000XQKfbUAH
0012A000023YBFRQA4,a0I2A00000Y6DYfUAN
0012A000023YBFRQA4,a0I2A00000XQL1cUAH
0012A000023YBFRQA4,a0I2A00000XQHCDUA5
0012A000023YBFRQA4,a0I2A00000XQGx6UAH
0012A000023YBFRQA4,a0I2A00000XQGMEUA5
0012A000023YBFRQA4,a0I2A00000XQIb2UAH
0012A000023YBFRQA4,a0I2A00000XQIhPUAX
0012A000023YBFRQA4,a0I2A00000XQHOPUA5
0012A000023YBFRQA4,a0I2A00000XQLl5UAH
0012A000023YBFRQA4,a0I2A00000XwYqxUAF
0012A000023YBFRQA4,a0I2A00000XQha4UAD
0012A000023YBFRQA4,a0I2A00000XQJnEUAX
0012A000023YBFRQA4,a0I2A00000XQHqCUAX
0012A000023YBFRQA4,a0I2A00000XuI0pUAF
0012A000023YBFRQA4,a0I2A00000XQKsgUAH
0012A000023YBFRQA4,a0I2A00000XQbXeUAL
0012A000023YBFRQA4,a0I2A00000XQKgeUAH
0012A000023YBFRQA4,a0I2A00000XQLzIUAX
0012A000023YBFRQA4,a0I2A00000XQTbfUAH
0012A000023YBFRQA4,a0I2A00000XQJbiUAH
0012A000023YBFRQA4,a0I2A00000XQP2KUAX
0012A000023YBFRQA4,a0I2A00000XQHFDUA5
0012A000023YBFRQA4,a0I2A00000XQJoiUAH
0012A000023YBFRQA4,a0I2A00000XwLLcUAN
0012A000023Xo0OQAS,a0I2A00000XQKp4UAH
0012A000023Xo0OQAS,a0I2A00000XwLZCUA3
0012A000023Xo0OQAS,a0I2A00000XQKL4UAP
0012A000023Xo0OQAS,a0I2A00000XQJnuUAH
0012A000023Xo0OQAS,a0I2A00000XQLnjUAH
0012A000023Xo0OQAS,a0I2A00000XQfERUA1
0012A000023Xo0OQAS,a0I2A00000XQbXeUAL
0012A000023Xo0OQAS,a0I2A00000XuI0pUAF
0012A000023Xo0OQAS,a0I2A00000XQJnEUAX
0012A000023Xo0OQAS,a0I2A00000XQRmbUAH
0012A000023Xo0OQAS,a0I2A00000XQHUnUAP
0012A000023Xo0OQAS,a0I2A00000XQLq3UAH
0012A000023Xo0OQAS,a0I2A00000XQKhAUAX
0012A000023Xo0OQAS,a0I2A00000XQHGVUA5
0012A000023Xo0OQAS,a0I2A00000XQGXzUAP
0012A000023Xo0OQAS,a0I2A00000XQGiaUAH
0012A000023Xo0OQAS,a0I2A00000XQI8cUAH
0012A000023Xo0OQAS,a0I2A00000XQI35UAH
0012A000023Xo0OQAS,a0I2A00000XQGQEUA5
0012A000023Xo0OQAS,a0I2A00000XuRe9UAF
0012A000023Xo0OQAS,a0I2A00000XwWc0UAF
0012A000023Xo0OQAS,a0I2A00000XQM6VUAX
0012A000023Xo0OQAS,a0I2A00000XQQM7UAP
0012A000023Xo0OQAS,a0I2A00000XQIdQUAX
0012A000023Xo0OQAS,a0I2A00000XuRMQUA3
0012A000023Xo0OQAS,a0I2A00000XQPtGUAX
0012A000023Xo0OQAS,a0I2A00000XQLzIUAX
0012A000023Xo0OQAS,a0I2A00000XQOk6UAH
0012A000023Xo0OQAS,a0I2A00000XQWyZUAX
0012A000023Xo0OQAS,a0I2A00000XQLCrUAP
0012A000023Xo0OQAS,a0I2A00000XQJB4UAP
0012A000023Xo0OQAS,a0I2A00000XwJxpUAF
0012A000023Xo0OQAS,a0I2A00000XQILgUAP
0012A000023Xo0OQAS,a0I2A00000XQIrDUAX
0012A000023Xo0OQAS,a0I2A00000XQIMbUAP
0012A000023Xo0OQAS,a0I2A00000XuQ7TUAV
0012A000023Xo0OQAS,a0I2A00000Y6DYfUAN
0012A000023Xo0OQAS,a0I2A00000XwZZtUAN
0012A000023Xo0OQAS,a0I2A00000XQHpfUAH
0012A000023Xo0OQAS,a0I2A00000YGK35UAH
0012A000023Xo0OQAS,a0I2A00000XQKfNUAX
0012A000023Xo0OQAS,a0I2A00000YIjB5UAL
0012A000023Xo0OQAS,a0I2A00000XQYhcUAH
0012A000023Xo0OQAS,a0I2A00000XQGfdUAH
0012A000023Xo0OQAS,a0I2A00000XuU9EUAV
0012A000023Xo0OQAS,a0I2A00000XuUSkUAN
0012A000023Xo0OQAS,a0I2A00000XQRleUAH
0012A000023Xo0OQAS,a0I2A00000XQHhsUAH
0012A000023Xo0OQAS,a0I2A00000XQRlsUAH
0012A000023Xo0OQAS,a0I2A00000YIjBCUA1
0012A000023Xo0OQAS,a0I2A00000XQK6xUAH
0012A000023Xo0OQAS,a0I2A00000XQfEkUAL
0012A000023Xo0OQAS,a0I2A00000XQRIHUA5
0012A000023Xo0OQAS,a0I2A00000XQJFtUAP
0012A000023Xo0OQAS,a0I2A00000XQGvHUAX
0012A000023Xo0OQAS,a0I2A00000Y6P1lUAF
0012A000023Xo0OQAS,a0I2A00000XQjuYUAT
0012A000023Xo0OQAS,a0I2A00000XQHlgUAH
0012A000023Xo0OQAS,a0I2A00000XQHe1UAH
0012A000023Xo0OQAS,a0I2A00000XwWfxUAF
0012A000023XoRjQAK,a0I2A00000XwG6zUAF
0012A000023XoRjQAK,a0I2A00000XudzwUAB
0012A000023XoRjQAK,a0I2A00000XQY3TUAX
0012A000023XoRjQAK,a0I2A00000XQKVTUA5
0012A000023XoRjQAK,a0I2A00000XQK2yUAH
0012A000023XoRjQAK,a0I2A00000XQK3iUAH
0012A000023XoRjQAK,a0I2A00000YSDUBUA5
0012A000023XoRjQAK,a0I2A00000XuP2rUAF
0012A000023XoRjQAK,a0I2A00000YIjB9UAL
0012A000023XoRjQAK,a0I2A00000XQL0HUAX
0012A000023XoRjQAK,a0I2A00000XQRmHUAX
0012A000023XoRjQAK,a0I2A00000XQHVxUAP
0012A000023XoRjQAK,a0I2A00000XQGlmUAH
0012A000023XoRjQAK,a0I2A00000YIjB7UAL
0012A000023XoRjQAK,a0I2A00000XQKisUAH
0012A000023XoRjQAK,a0I2A00000ZG5JXUA1
0012A000023XoRjQAK,a0I2A00000XQHdAUAX
0012A000023XoRjQAK,a0I2A00000XwPNeUAN
0012A000023XoRjQAK,a0I2A00000XQGSfUAP
0012A000023XoRjQAK,a0I2A00000XQJGgUAP
0012A000023XoRjQAK,a0I2A00000XQHTTUA5
0012A000023XoRjQAK,a0I2A00000XQIMdUAP
0012A000023XoRjQAK,a0I2A00000XQHopUAH
0012A000023XoRjQAK,a0I2A00000XQUOsUAP
0012A000023XoRjQAK,a0I2A00000XuMo7UAF
0012A000023XoRjQAK,a0I2A00000XQHOPUA5
0012A000023XoRjQAK,a0I2A00000XwLVmUAN
0012A000023XoRjQAK,a0I2A00000XQJytUAH
0012A000023XoRjQAK,a0I2A00000XQLTrUAP
0012A000023XoRjQAK,a0I2A00000XQKNKUA5
0012A000023XoRjQAK,a0I2A00000XvA3vUAF
0012A000023XoRjQAK,a0I2A00000Xu9wSUAR
0012A000023XoRjQAK,a0I2A00000XQL0bUAH
0012A000023XoRjQAK,a0I2A00000XQJnFUAX
0012A000023XoRjQAK,a0I2A00000XQHuOUAX
0012A000023XoRjQAK,a0I2A00000Y6P1kUAF
0012A000023XoRjQAK,a0I2A00000XQUT0UAP
0012A000023XoRjQAK,a0I2A00000XQZ6JUAX
0012A000023XoRjQAK,a0I2A00000XQL1xUAH
0012A000023XoRjQAK,a0I2A00000XQKRyUAP
0012A000023XoRjQAK,a0I2A00000XQdYeUAL
0012A000023XoRjQAK,a0I2A00000XQHOpUAP
0012A000023XoRjQAK,a0I2A00000XQLJNUA5
0012A000023XoRjQAK,a0I2A00000XQKGOUA5
0012A000023XoRjQAK,a0I2A00000XQOmEUAX
0012A000023XoRjQAK,a0I2A00000XQGqeUAH
0012A000023XoRjQAK,a0I2A00000YSbjAUAT
0012A000023XoRjQAK,a0I2A00000XQK5TUAX
0012A000023XoRjQAK,a0I2A00000XwfdjUAB
0012A000023XoRjQAK,a0I2A00000XQLolUAH
0012A000023XoRjQAK,a0I2A00000XQIvnUAH
0012A000023XoRjQAK,a0I2A00000Xv4JhUAJ
0012A000023XoRjQAK,a0I2A00000XQLl3UAH
0012A000023XoRjQAK,a0I2A00000XQKseUAH
0012A000023XoRjQAK,a0I2A00000XQM3hUAH
0012A000023XoRjQAK,a0I2A00000XQKiFUAX
0012A000023XoRjQAK,a0I2A00000XQI1XUAX
0012A000023XoRjQAK,a0I2A00000XQGyHUAX
0012A000023XoRjQAK,a0I2A00000XQLn4UAH
0012A000023XoRjQAK,a0I2A00000XuSH2UAN
0012A000023XwMRQA0,a0I2A00000XQJIOUA5
0012A000023XwMRQA0,a0I2A00000YGK35UAH
0012A000023XwMRQA0,a0I2A00000XQJB4UAP
0012A000023XwMRQA0,a0I2A00000XQJA5UAP
0012A000023XwMRQA0,a0I2A00000XwgemUAB
0012A000023XwMRQA0,a0I2A00000XQIMbUAP
0012A000023XwMRQA0,a0I2A00000XQIQOUA5
0012A000023XwMRQA0,a0I2A00000XQKp4UAH
0012A000023XwMRQA0,a0I2A00000XwcQAUAZ
0012A000023XwMRQA0,a0I2A00000XQKzTUAX
0012A000023XwMRQA0,a0I2A00000XuNhuUAF
0012A000023XwMRQA0,a0I2A00000XQUU2UAP
0012A000023XwMRQA0,a0I2A00000XQGXwUAP
0012A000023XwMRQA0,a0I2A00000XQGluUAH
0012A000023XwMRQA0,a0I2A00000XQGRgUAP
0012A000023XwMRQA0,a0I2A00000XQJDKUA5
0012A000023XwMRQA0,a0I2A00000XQZQZUA5
0012A000023XwMRQA0,a0I2A00000XQIs4UAH
0012A000023XwMRQA0,a0I2A00000XQLcIUAX
0012A000023XwMRQA0,a0I2A00000XQGjcUAH
0012A000023XwMRQA0,a0I2A00000XQINyUAP
0012A000023XwMRQA0,a0I2A00000XQLZcUAP
0012A000023XwMRQA0,a0I2A00000XQJrxUAH
0012A000023XwMRQA0,a0I2A00000XQJr6UAH
0012A000023XwMRQA0,a0I2A00000XQKIhUAP
0012A000023XwMRQA0,a0I2A00000XQOk6UAH
0012A000023XwMRQA0,a0I2A00000XQKXbUAP
0012A000023XwMRQA0,a0I2A00000XuAvbUAF
0012A000023XwMRQA0,a0I2A00000XuL6LUAV
0012A000023XwMRQA0,a0I2A00000XQGx6UAH
0012A000023XwMRQA0,a0I2A00000XQQoWUAX
0012A000023XwMRQA0,a0I2A00000XQISMUA5
0012A000023XwMRQA0,a0I2A00000XQGk5UAH
0012A000023XwMRQA0,a0I2A00000XQJhoUAH
0012A000023XwMRQA0,a0I2A00000YIjB5UAL
0012A000023XwMRQA0,a0I2A00000XQIvmUAH
0012A000023XwMRQA0,a0I2A00000XuOYeUAN
0012A000023XwMRQA0,a0I2A00000XQIhcUAH
0012A000023XwMRQA0,a0I2A00000XQIlUUAX
0012A000023XwMRQA0,a0I2A00000XuXGNUA3
0012A000023XwMRQA0,a0I2A00000XuNNnUAN
0012A000023XwMRQA0,a0I2A00000XQKKBUA5
0012A000023XwMRQA0,a0I2A00000XQLjfUAH
0012A000023XwMRQA0,a0I2A00000XQIBNUA5
0012A000023XwMRQA0,a0I2A00000XQGxYUAX
0012A000023XwMRQA0,a0I2A00000XQIoMUAX
0012A000023XwMRQA0,a0I2A00000Y6DYgUAN
0012A000023XwMRQA0,a0I2A00000XQHGzUAP
0012A000023XwMRQA0,a0I2A00000XQJFUUA5
0012A000023XwMRQA0,a0I2A00000YIjBCUA1
0012A000023XwMRQA0,a0I2A00000XQM3IUAX
0012A000023XwMRQA0,a0I2A00000XQLM8UAP
0012A000023XwMRQA0,a0I2A00000XQGopUAH
0012A000023XwMRQA0,a0I2A00000XuLnvUAF
0012A000023XwMRQA0,a0I2A00000YJ5rHUAT
0012A000023XwMRQA0,a0I2A00000XQJuaUAH
0012A000023XwMRQA0,a0I2A00000XQGqVUAX
0012A000023XwMRQA0,a0I2A00000XQI8cUAH
0012A000023XwMRQA0,a0I2A00000XQJkoUAH
0012A000023XwMRQA0,a0I2A00000XwHAZUA3
0012A000029ZzX1QAK,a0I2A00000XQHTfUAP
0012A000029ZzX1QAK,a0I2A00000XQQFyUAP
0012A000029ZzX1QAK,a0I2A00000XQQGSUA5
0012A000029ZzX1QAK,a0I2A00000XQJ2wUAH
0012A000029ZzX1QAK,a0I2A00000XQJnDUAX
0012A000029ZzX1QAK,a0I2A00000XQGkPUAX
0012A000029ZzX1QAK,a0I2A00000XQIrhUAH
0012A000029ZzX1QAK,a0I2A00000XQKbWUAX
0012A000029ZzX1QAK,a0I2A00000XQVhaUAH
0012A000029ZzX1QAK,a0I2A00000XQJwAUAX
0012A000029ZzX1QAK,a0I2A00000XuOhnUAF
0012A000029ZzX1QAK,a0I2A00000XQkpQUAT
0012A000029ZzX1QAK,a0I2A00000XQIHzUAP
0012A000029ZzX1QAK,a0I2A00000XweN2UAJ
0012A000029ZzX1QAK,a0I2A00000XQGL4UAP
0012A000029ZzX1QAK,a0I2A00000XQJA3UAP
0012A000029ZzX1QAK,a0I2A00000XuKXMUA3
0012A000029ZzX1QAK,a0I2A00000XwXLTUA3
0012A000029ZzX1QAK,a0I2A00000XQJ5JUAX
0012A000029ZzX1QAK,a0I2A00000XQIMcUAP
0012A000029ZzX1QAK,a0I2A00000XuOtJUAV
0012A000029ZzX1QAK,a0I2A00000XvA46UAF
0012A000029ZzX1QAK,a0I2A00000XQHvdUAH
0012A000029ZzX1QAK,a0I2A00000XQJmTUAX
0012A000029ZzX1QAK,a0I2A00000XQKlMUAX
0012A000029ZzX1QAK,a0I2A00000XuUbkUAF
0012A000029ZzX1QAK,a0I2A00000XuNd2UAF
0012A000029ZzX1QAK,a0I2A00000XQLTxUAP
0012A000029ZzX1QAK,a0I2A00000XQT6gUAH
0012A000029ZzX1QAK,a0I2A00000XQLl5UAH
0012A000029ZzX1QAK,a0I2A00000XQM6LUAX
0012A000029ZzX1QAK,a0I2A00000XQKLvUAP
0012A000029ZzX1QAK,a0I2A00000XQJy1UAH
0012A000029ZzX1QAK,a0I2A00000Y6P1iUAF
0012A000029ZzX1QAK,a0I2A00000XQGvsUAH
0012A000029ZzX1QAK,a0I2A00000XQHSWUA5
0012A000029ZzX1QAK,a0I2A00000YIjBEUA1
0012A000029ZzX1QAK,a0I2A00000XQHX8UAP
0012A000029ZzX1QAK,a0I2A00000XuXB2UAN
0012A000029ZzX1QAK,a0I2A00000XuOSlUAN
0012A000029ZzX1QAK,a0I2A00000XQJHlUAP
0012A000029ZzX1QAK,a0I2A00000XuRe9UAF
0012A000029ZzX1QAK,a0I2A00000XQLLYUA5
0012A000029ZzX1QAK,a0I2A00000XQM3hUAH
0012A000029ZzX1QAK,a0I2A00000XQJ3EUAX
0012A000029ZzX1QAK,a0I2A00000XQIq2UAH
0012A000029ZzX1QAK,a0I2A00000XQKbzUAH
0012A000029ZzX1QAK,a0I2A00000XQIinUAH
0012A000029ZzX1QAK,a0I2A00000XuHw3UAF
0012A000029ZzX1QAK,a0I2A00000XQKmTUAX
0012A000029ZzX1QAK,a0I2A00000XQJTCUA5
0012A000029ZzX1QAK,a0I2A00000XuDHyUAN
0012A000029ZzX1QAK,a0I2A00000ZG5JUUA1
0012A000029ZzX1QAK,a0I2A00000YH87AUAT
0012A000029ZzX1QAK,a0I2A00000XQLqwUAH
0012A000029ZzX1QAK,a0I2A00000XQKX9UAP
0012A000029ZzX1QAK,a0I2A00000XQJnFUAX
0012A000029ZzX1QAK,a0I2A00000XQHbyUAH
0012A000029ZzX1QAK,a0I2A00000XQKL4UAP
0012A000029ZzX1QAK,a0I2A00000XQW1DUAX
0012A000023YLFWQA4,a0I2A00000XQKzTUAX
0012A000023YLFWQA4,a0I2A00000XQI8cUAH
0012A000023YLFWQA4,a0I2A00000XQKbyUAH
0012A000023YLFWQA4,a0I2A00000XQO0FUAX
0012A000023YLFWQA4,a0I2A00000XQIjUUAX
0012A000023YLFWQA4,a0I2A00000XQICWUA5
0012A000023YLFWQA4,a0I2A00000XQh2eUAD
0012A000023YLFWQA4,a0I2A00000XQNn6UAH
0012A000023YLFWQA4,a0I2A00000XQKGzUAP
0012A000023YLFWQA4,a0I2A00000XQKimUAH
0012A000023YLFWQA4,a0I2A00000XQILgUAP
0012A000023YLFWQA4,a0I2A00000XQH1gUAH
0012A000023YLFWQA4,a0I2A00000XQI70UAH
0012A000023YLFWQA4,a0I2A00000XQUU2UAP
0012A000023YLFWQA4,a0I2A00000XQJCoUAP
0012A000023YLFWQA4,a0I2A00000XQLjfUAH
0012A000023YLFWQA4,a0I2A00000XQKazUAH
0012A000023YLFWQA4,a0I2A00000XQHpfUAH
0012A000023YLFWQA4,a0I2A00000YIjB5UAL
0012A000023YLFWQA4,a0I2A00000YIfQmUAL
0012A000023YLFWQA4,a0I2A00000YIjBCUA1
0012A000023YLFWQA4,a0I2A00000XQHGzUAP
0012A000023YLFWQA4,a0I2A00000XQjEEUA1
0012A000023YLFWQA4,a0I2A00000XQJr6UAH
0012A000023YLFWQA4,a0I2A00000XQkDGUA1
0012A000023YLFWQA4,a0I2A00000XQH7jUAH
0012A000023YLFWQA4,a0I2A00000XQSdhUAH
0012A000023YLFWQA4,a0I2A00000XQJwMUAX
0012A000023YLFWQA4,a0I2A00000XQIt1UAH
0012A000023YLFWQA4,a0I2A00000YIzH6UAL
0012A000023YLFWQA4,a0I2A00000XQQoWUAX
0012A000023YLFWQA4,a0I2A00000XQXKUUA5
0012A000023YLFWQA4,a0I2A00000XQM8lUAH
0012A000023YLFWQA4,a0I2A00000YGK35UAH
0012A000023YLFWQA4,a0I2A00000XQM0KUAX
0012A000023YLFWQA4,a0I2A00000XQMAQUA5
0012A000023YLFWQA4,a0I2A00000XuUbkUAF
0012A000023YLFWQA4,a0I2A00000XQIfTUAX
0012A000023YLFWQA4,a0I2A00000XQLq3UAH
0012A000023YLFWQA4,a0I2A00000XQP6yUAH
0012A000023YLFWQA4,a0I2A00000XQGk5UAH
0012A000023YLFWQA4,a0I2A00000XuWCQUA3
0012A000023YLFWQA4,a0I2A00000XQGwJUAX
0012A000023YLFWQA4,a0I2A00000XQJHnUAP
0012A000023YLFWQA4,a0I2A00000XQIvmUAH
0012A000023YLFWQA4,a0I2A00000XQHxBUAX
0012A000023YLFWQA4,a0I2A00000XQSPMUA5
0012A000023YLFWQA4,a0I2A00000XQLpEUAX
0012A000023YLFWQA4,a0I2A00000XQYyZUAX
0012A000023YLFWQA4,a0I2A00000XQW1DUAX
0012A000023YLFWQA4,a0I2A00000XQHX8UAP
0012A000023YLFWQA4,a0I2A00000XxEQRUA3
0012A000023YLFWQA4,a0I2A00000XQLCoUAP
0012A000023YLFWQA4,a0I2A00000XQJA5UAP
0012A000023YLFWQA4,a0I2A00000XwKyjUAF
0012A000023YLFWQA4,a0I2A00000XQKnJUAX
0012A000023YLFWQA4,a0I2A00000XQLPEUA5
0012A000023YLFWQA4,a0I2A00000XQITVUA5
0012A000023YLFWQA4,a0I2A00000XuVnRUAV
0012A000023YLFWQA4,a0I2A00000XQIs4UAH
0012A000023Xp4LQAS,a0I2A00000XQIDyUAP
0012A000023Xp4LQAS,a0I2A00000XQHNxUAP
0012A000023Xp4LQAS,a0I2A00000XQLJNUA5
0012A000023Xp4LQAS,a0I2A00000XQJcEUAX
0012A000023Xp4LQAS,a0I2A00000XQVR8UAP
0012A000023Xp4LQAS,a0I2A00000XQJCoUAP
0012A000023Xp4LQAS,a0I2A00000XQIa4UAH
0012A000023Xp4LQAS,a0I2A00000XQK8iUAH
0012A000023Xp4LQAS,a0I2A00000XQIPsUAP
0012A000023Xp4LQAS,a0I2A00000XQHeHUAX
0012A000023Xp4LQAS,a0I2A00000XQK1pUAH
0012A000023Xp4LQAS,a0I2A00000XQI0YUAX
0012A000023Xp4LQAS,a0I2A00000YFTFAUA5
0012A000023Xp4LQAS,a0I2A00000XQL8wUAH
0012A000023Xp4LQAS,a0I2A00000XQINmUAP
0012A000023Xp4LQAS,a0I2A00000XQICWUA5
0012A000023Xp4LQAS,a0I2A00000XwHGUUA3
0012A000023Xp4LQAS,a0I2A00000XQHFhUAP
0012A000023Xp4LQAS,a0I2A00000XQJHnUAP
0012A000023Xp4LQAS,a0I2A00000XQIDuUAP
0012A000023Xp4LQAS,a0I2A00000XuPcoUAF
0012A000023Xp4LQAS,a0I2A00000XQVwMUAX
0012A000023Xp4LQAS,a0I2A00000XQLYrUAP
0012A000023Xp4LQAS,a0I2A00000XQGM5UAP
0012A000023Xp4LQAS,a0I2A00000XQHJJUA5
0012A000023Xp4LQAS,a0I2A00000XQh2eUAD
0012A000023Xp4LQAS,a0I2A00000XQVAmUAP
0012A000023Xp4LQAS,a0I2A00000XQWIHUA5
0012A000023Xp4LQAS,a0I2A00000XQIDmUAP
0012A000023Xp4LQAS,a0I2A00000XQJ3YUAX
0012A000023Xp4LQAS,a0I2A00000XQRY0UAP
0012A000023Xp4LQAS,a0I2A00000XuOnbUAF
0012A000023Xp4LQAS,a0I2A00000XQIaMUAX
0012A000023Xp4LQAS,a0I2A00000XQNn6UAH
0012A000023Xp4LQAS,a0I2A00000XQM4RUAX
0012A000023Xp4LQAS,a0I2A00000XQJ3KUAX
0012A000023Xp4LQAS,a0I2A00000YrSgaUAF
0012A000023Xp4LQAS,a0I2A00000XQWPaUAP
0012A000023Xp4LQAS,a0I2A00000XQHvjUAH
0012A000023Xp4LQAS,a0I2A00000XQH5TUAX
0012A000023Xp4LQAS,a0I2A00000XQHwnUAH
0012A000023Xp4LQAS,a0I2A00000XuEDkUAN
0012A000023Xp4LQAS,a0I2A00000XQJkTUAX
0012A000023Xp4LQAS,a0I2A00000XQRDzUAP
0012A000023Xp4LQAS,a0I2A00000XQJDFUA5
0012A000023Xp4LQAS,a0I2A00000XQJa2UAH
0012A000023Xp4LQAS,a0I2A00000YIzH6UAL
0012A000023Xp4LQAS,a0I2A00000XQT6gUAH
0012A000023Xp4LQAS,a0I2A00000XQJVhUAP
0012A000023Xp4LQAS,a0I2A00000ZG5JXUA1
0012A000023Xp4LQAS,a0I2A00000XuF7pUAF
0012A000023Xp4LQAS,a0I2A00000XQT1BUAX
0012A000023Xp4LQAS,a0I2A00000XuWNtUAN
0012A000023Xp4LQAS,a0I2A00000XQL8WUAX
0012A000023Xp4LQAS,a0I2A00000XQUt5UAH
0012A000023Xp4LQAS,a0I2A00000XQL6oUAH
0012A000023Xp4LQAS,a0I2A00000XQIuXUAX
0012A000023Xp4LQAS,a0I2A00000XQeyRUAT
0012A000023Xp4LQAS,a0I2A00000XQHF2UAP
0012A000023Xp4LQAS,a0I2A00000XQHnuUAH
0012A000023XrTNQA0,a0I2A00000XQIDyUAP
0012A000023XrTNQA0,a0I2A00000YHFt0UAH
0012A000023XrTNQA0,a0I2A00000XQL8WUAX
0012A000023XrTNQA0,a0I2A00000XQGi5UAH
0012A000023XrTNQA0,a0I2A00000XQL8uUAH
0012A000023XrTNQA0,a0I2A00000XQL8vUAH
0012A000023XrTNQA0,a0I2A00000XQJ3JUAX
0012A000023XrTNQA0,a0I2A00000XQIj5UAH
0012A000023XrTNQA0,a0I2A00000XQJ31UAH
0012A000023XrTNQA0,a0I2A00000YH03hUAD
0012A000023XrTNQA0,a0I2A00000XQHF2UAP
0012A000023XrTNQA0,a0I2A00000XwanKUAR
0012A000023XrTNQA0,a0I2A00000XQHNxUAP
0012A000023XrTNQA0,a0I2A00000XQJ3KUAX
0012A000023XrTNQA0,a0I2A00000XQLEHUA5
0012A000023XrTNQA0,a0I2A00000XQJ34UAH
0012A000023XrTNQA0,a0I2A00000XQL8yUAH
0012A000023XrTNQA0,a0I2A00000XwDbBUAV
0012A000023XrTNQA0,a0I2A00000XQQM7UAP
0012A000023XrTNQA0,a0I2A00000XQJcEUAX
0012A000023XrTNQA0,a0I2A00000XQK1sUAH
0012A000023XrTNQA0,a0I2A00000XQGvHUAX
0012A000023XrTNQA0,a0I2A00000XuCFwUAN
0012A000023XrTNQA0,a0I2A00000XQVR8UAP
0012A000023XrTNQA0,a0I2A00000XQHe1UAH
0012A000023XrTNQA0,a0I2A00000XQJCoUAP
0012A000023XrTNQA0,a0I2A00000XQIQIUA5
0012A000023XrTNQA0,a0I2A00000YHGHQUA5
0012A000023XrTNQA0,a0I2A00000XQL5aUAH
0012A000023XrTNQA0,a0I2A00000XQH1KUAX
0012A000023XrTNQA0,a0I2A00000XQK1ZUAX
0012A000023XrTNQA0,a0I2A00000XQIa4UAH
0012A000023XrTNQA0,a0I2A00000XQKm3UAH
0012A000023XrTNQA0,a0I2A00000XQK8iUAH
0012A000023XrTNQA0,a0I2A00000XQIPsUAP
0012A000023XrTNQA0,a0I2A00000XQJ3YUAX
0012A000023XrTNQA0,a0I2A00000XQHeHUAX
0012A000023XrTNQA0,a0I2A00000XwaXUUAZ
0012A000023XrTNQA0,a0I2A00000XQL8wUAH
0012A000023XrTNQA0,a0I2A00000XQLe7UAH
0012A000023XrTNQA0,a0I2A00000XQJSSUA5
0012A000023XrTNQA0,a0I2A00000XQIrDUAX
0012A000023XrTNQA0,a0I2A00000XQaUqUAL
0012A000023XrTNQA0,a0I2A00000YFTFAUA5
0012A000023XrTNQA0,a0I2A00000XQK1pUAH
0012A000023XrTNQA0,a0I2A00000XQGhrUAH
0012A000023XrTNQA0,a0I2A00000XQL90UAH
0012A000023XrTNQA0,a0I2A00000XQICWUA5
0012A000023XrTNQA0,a0I2A00000XwHGUUA3
0012A000023XrTNQA0,a0I2A00000XQfsHUAT
0012A000023XrTNQA0,a0I2A00000XwW4xUAF
0012A000023XrTNQA0,a0I2A00000XQINmUAP
0012A000023XrTNQA0,a0I2A00000XQJB8UAP
0012A000023XrTNQA0,a0I2A00000XQJ33UAH
0012A000023XrTNQA0,a0I2A00000XQHwnUAH
0012A000023XrTNQA0,a0I2A00000XQLD4UAP
0012A000023XrTNQA0,a0I2A00000XQHNwUAP
0012A000023XrTNQA0,a0I2A00000XQK1oUAH
0012A000023XrTNQA0,a0I2A00000XQHFhUAP
0012A000023XrTNQA0,a0I2A00000XQX0CUAX
0012A00002JF3YmQAL,a0I2A00000XQIHyUAP
0012A00002JF3YmQAL,a0I2A00000XQVhaUAH
0012A00002JF3YmQAL,a0I2A00000XQGkPUAX
0012A00002JF3YmQAL,a0I2A00000XQKZ4UAP
0012A00002JF3YmQAL,a0I2A00000XudzzUAB
0012A00002JF3YmQAL,a0I2A00000XQHTfUAP
0012A00002JF3YmQAL,a0I2A00000XQJxSUAX
0012A00002JF3YmQAL,a0I2A00000Y6DYaUAN
0012A00002JF3YmQAL,a0I2A00000XQGmuUAH
0012A00002JF3YmQAL,a0I2A00000XQHxNUAX
0012A00002JF3YmQAL,a0I2A00000XQGn6UAH
0012A00002JF3YmQAL,a0I2A00000XQdfDUAT
0012A00002JF3YmQAL,a0I2A00000XQJ2YUAX
0012A00002JF3YmQAL,a0I2A00000XQLLYUA5
0012A00002JF3YmQAL,a0I2A00000XuVH8UAN
0012A00002JF3YmQAL,a0I2A00000XQIgIUAX
0012A00002JF3YmQAL,a0I2A00000XQScWUAX
0012A00002JF3YmQAL,a0I2A00000XwasmUAB
0012A00002JF3YmQAL,a0I2A00000XQKbzUAH
0012A00002JF3YmQAL,a0I2A00000XuQqIUAV
0012A00002JF3YmQAL,a0I2A00000XudzqUAB
0012A00002JF3YmQAL,a0I2A00000XQPhyUAH
0012A00002JF3YmQAL,a0I2A00000XQXjYUAX
0012A00002JF3YmQAL,a0I2A00000XuMo7UAF
0012A00002JF3YmQAL,a0I2A00000XQGjgUAH
0012A00002JF3YmQAL,a0I2A00000XQIaUUAX
0012A00002JF3YmQAL,a0I2A00000XQL9pUAH
0012A00002JF3YmQAL,a0I2A00000XQJXUUA5
0012A00002JF3YmQAL,a0I2A00000XQL9qUAH
0012A00002JF3YmQAL,a0I2A00000XQdSnUAL
0012A00002JF3YmQAL,a0I2A00000XQIpPUAX
0012A00002JF3YmQAL,a0I2A00000YIjB9UAL
0012A00002JF3YmQAL,a0I2A00000YIjBBUA1
0012A00002JF3YmQAL,a0I2A00000XQKX9UAP
0012A00002JF3YmQAL,a0I2A00000XQRV4UAP
0012A00002JF3YmQAL,a0I2A00000XQK9QUAX
0012A00002JF3YmQAL,a0I2A00000XwXO8UAN
0012A00002JF3YmQAL,a0I2A00000XQLRyUAP
0012A00002JF3YmQAL,a0I2A00000YIjB7UAL
0012A00002JF3YmQAL,a0I2A00000XwNTQUA3
0012A00002JF3YmQAL,a0I2A00000XwMn1UAF
0012A00002JF3YmQAL,a0I2A00000XuDHyUAN
0012A00002JF3YmQAL,a0I2A00000XuOtJUAV
0012A00002JF3YmQAL,a0I2A00000XQJbzUAH
0012A00002JF3YmQAL,a0I2A00000XQLfsUAH
0012A00002JF3YmQAL,a0I2A00000XQKbWUAX
0012A00002JF3YmQAL,a0I2A00000XQJaoUAH
0012A00002JF3YmQAL,a0I2A00000XQJvQUAX
0012A00002JF3YmQAL,a0I2A00000XQLJLUA5
0012A00002JF3YmQAL,a0I2A00000XQGqeUAH
0012A00002JF3YmQAL,a0I2A00000XQQ1gUAH
0012A00002JF3YmQAL,a0I2A00000XQIoXUAX
0012A00002JF3YmQAL,a0I2A00000XQHeJUAX
0012A00002JF3YmQAL,a0I2A00000XQIrhUAH
0012A00002JF3YmQAL,a0I2A00000XQIlKUAX
0012A00002JF3YmQAL,a0I2A00000XuOlwUAF
0012A00002JF3YmQAL,a0I2A00000XQIMkUAP
0012A00002JF3YmQAL,a0I2A00000XQIw6UAH
0012A00002JF3YmQAL,a0I2A00000XQLCrUAP
0012A00002JF3YmQAL,a0I2A00000XQHs5UAH
0012A000023YKsuQAG,a0I2A00000XQKp4UAH
0012A000023YKsuQAG,a0I2A00000XwLZCUA3
0012A000023YKsuQAG,a0I2A00000XQKL4UAP
0012A000023YKsuQAG,a0I2A00000XQJnuUAH
0012A000023YKsuQAG,a0I2A00000XQLnjUAH
0012A000023YKsuQAG,a0I2A00000XQfERUA1
0012A000023YKsuQAG,a0I2A00000XuI0pUAF
0012A000023YKsuQAG,a0I2A00000XQJnEUAX
0012A000023YKsuQAG,a0I2A00000XQHUnUAP
0012A000023YKsuQAG,a0I2A00000XQLq3UAH
0012A000023YKsuQAG,a0I2A00000XQQ61UAH
0012A000023YKsuQAG,a0I2A00000XQHGVUA5
0012A000023YKsuQAG,a0I2A00000XQGXzUAP
0012A000023YKsuQAG,a0I2A00000XQGiaUAH
0012A000023YKsuQAG,a0I2A00000XQI8cUAH
0012A000023YKsuQAG,a0I2A00000XQI35UAH
0012A000023YKsuQAG,a0I2A00000XQGQEUA5
0012A000023YKsuQAG,a0I2A00000XuRe9UAF
0012A000023YKsuQAG,a0I2A00000XwWc0UAF
0012A000023YKsuQAG,a0I2A00000XQM6VUAX
0012A000023YKsuQAG,a0I2A00000XQQM7UAP
0012A000023YKsuQAG,a0I2A00000XwbRQUAZ
0012A000023YKsuQAG,a0I2A00000XQIdQUAX
0012A000023YKsuQAG,a0I2A00000XQPtGUAX
0012A000023YKsuQAG,a0I2A00000XQLNbUAP
0012A000023YKsuQAG,a0I2A00000XQLzIUAX
0012A000023YKsuQAG,a0I2A00000XQOk6UAH
0012A000023YKsuQAG,a0I2A00000XQJC3UAP
0012A000023YKsuQAG,a0I2A00000XQWyZUAX
0012A000023YKsuQAG,a0I2A00000XQLCrUAP
0012A000023YKsuQAG,a0I2A00000XQJB4UAP
0012A000023YKsuQAG,a0I2A00000XQYyZUAX
0012A000023YKsuQAG,a0I2A00000XQILgUAP
0012A000023YKsuQAG,a0I2A00000XQIrDUAX
0012A000023YKsuQAG,a0I2A00000XQIMbUAP
0012A000023YKsuQAG,a0I2A00000Y6DYfUAN
0012A000023YKsuQAG,a0I2A00000XQHpfUAH
0012A000023YKsuQAG,a0I2A00000YGK35UAH
0012A000023YKsuQAG,a0I2A00000XQKfNUAX
0012A000023YKsuQAG,a0I2A00000YIjB5UAL
0012A000023YKsuQAG,a0I2A00000XQGfdUAH
0012A000023YKsuQAG,a0I2A00000XuU9EUAV
0012A000023YKsuQAG,a0I2A00000XQRleUAH
0012A000023YKsuQAG,a0I2A00000XQHhsUAH
0012A000023YKsuQAG,a0I2A00000XQHY7UAP
0012A000023YKsuQAG,a0I2A00000XQRlsUAH
0012A000023YKsuQAG,a0I2A00000YIjBCUA1
0012A000023YKsuQAG,a0I2A00000XQK6xUAH
0012A000023YKsuQAG,a0I2A00000XQfEkUAL
0012A000023YKsuQAG,a0I2A00000XQRIHUA5
0012A000023YKsuQAG,a0I2A00000XQJFtUAP
0012A000023YKsuQAG,a0I2A00000XwgliUAB
0012A000023YKsuQAG,a0I2A00000XQGvHUAX
0012A000023YKsuQAG,a0I2A00000Y6P1lUAF
0012A000023YKsuQAG,a0I2A00000XQjuYUAT
0012A000023YKsuQAG,a0I2A00000XQHlgUAH
0012A000023YKsuQAG,a0I2A00000XQI1XUAX
0012A000023YKsuQAG,a0I2A00000XQHe1UAH
0012A000023YKsuQAG,a0I2A00000XwWfxUAF
0012A000023YKsuQAG,a0I2A00000XQJzHUAX
0012A000023Y9gNQAS,a0I2A00000XQJB4UAP
0012A000023Y9gNQAS,a0I2A00000XuOYeUAN
0012A000023Y9gNQAS,a0I2A00000XQIMbUAP
0012A000023Y9gNQAS,a0I2A00000XQH76UAH
0012A000023Y9gNQAS,a0I2A00000XQKp4UAH
0012A000023Y9gNQAS,a0I2A00000XQI70UAH
0012A000023Y9gNQAS,a0I2A00000XQIBNUA5
0012A000023Y9gNQAS,a0I2A00000XQLCoUAP
0012A000023Y9gNQAS,a0I2A00000XQHxBUAX
0012A000023Y9gNQAS,a0I2A00000XQM9vUAH
0012A000023Y9gNQAS,a0I2A00000XwcQAUAZ
0012A000023Y9gNQAS,a0I2A00000XuNhuUAF
0012A000023Y9gNQAS,a0I2A00000XQM0KUAX
0012A000023Y9gNQAS,a0I2A00000YIfQmUAL
0012A000023Y9gNQAS,a0I2A00000XwN30UAF
0012A000023Y9gNQAS,a0I2A00000XQJ3OUAX
0012A000023Y9gNQAS,a0I2A00000XQM97UAH
0012A000023Y9gNQAS,a0I2A00000XQLJgUAP
0012A000023Y9gNQAS,a0I2A00000XQKNaUAP
0012A000023Y9gNQAS,a0I2A00000XQKXbUAP
0012A000023Y9gNQAS,a0I2A00000XQZQZUA5
0012A000023Y9gNQAS,a0I2A00000XQIs4UAH
0012A000023Y9gNQAS,a0I2A00000XQHBQUA5
0012A000023Y9gNQAS,a0I2A00000XQLZcUAP
0012A000023Y9gNQAS,a0I2A00000XQJr6UAH
0012A000023Y9gNQAS,a0I2A00000XQKIhUAP
0012A000023Y9gNQAS,a0I2A00000XQLSTUA5
0012A000023Y9gNQAS,a0I2A00000XQOk6UAH
0012A000023Y9gNQAS,a0I2A00000XQKfbUAH
0012A000023Y9gNQAS,a0I2A00000XuAvbUAF
0012A000023Y9gNQAS,a0I2A00000XQL1cUAH
0012A000023Y9gNQAS,a0I2A00000XQGMEUA5
0012A000023Y9gNQAS,a0I2A00000XQGk5UAH
0012A000023Y9gNQAS,a0I2A00000XQJuaUAH
0012A000023Y9gNQAS,a0I2A00000XwW2XUAV
0012A000023Y9gNQAS,a0I2A00000XQIlUUAX
0012A000023Y9gNQAS,a0I2A00000XuXGNUA3
0012A000023Y9gNQAS,a0I2A00000XQKsgUAH
0012A000023Y9gNQAS,a0I2A00000XQJbiUAH
0012A000023Y9gNQAS,a0I2A00000XQJoiUAH
0012A000023Y9gNQAS,a0I2A00000XQIv2UAH
0012A000023Y9gNQAS,a0I2A00000XQlrSUAT
0012A000023Y9gNQAS,a0I2A00000XQKX8UAP
0012A000023Y9gNQAS,a0I2A00000Y6BVqUAN
0012A000023Y9gNQAS,a0I2A00000XQM3IUAX
0012A000023Y9gNQAS,a0I2A00000XQJOBUA5
0012A000023Y9gNQAS,a0I2A00000XQGopUAH
0012A000023Y9gNQAS,a0I2A00000XQHj4UAH
0012A000023Y9gNQAS,a0I2A00000XQIqlUAH
0012A000023Y9gNQAS,a0I2A00000YGK35UAH
0012A000023Y9gNQAS,a0I2A00000XQJXcUAP
0012A000023Y9gNQAS,a0I2A00000XQJZ6UAP
0012A000023Y9gNQAS,a0I2A00000XQHZtUAP
0012A000023Y9gNQAS,a0I2A00000XQLp9UAH
0012A000023Y9gNQAS,a0I2A00000XwU3pUAF
0012A000023Y9gNQAS,a0I2A00000Y6P1mUAF
0012A000023Y9gNQAS,a0I2A00000XQUtvUAH
0012A000023Y9gNQAS,a0I2A00000XwHAZUA3
0012A000023Y9gNQAS,a0I2A00000XQKQsUAP
0012A000023Y9gNQAS,a0I2A00000XQLcIUAX
0012A000026WwqxQAC,a0I2A00000XQJB4UAP
0012A000026WwqxQAC,a0I2A00000XuOYeUAN
0012A000026WwqxQAC,a0I2A00000XQIMbUAP
0012A000026WwqxQAC,a0I2A00000XQKp4UAH
0012A000026WwqxQAC,a0I2A00000XQI70UAH
0012A000026WwqxQAC,a0I2A00000XQIBNUA5
0012A000026WwqxQAC,a0I2A00000XQLCoUAP
0012A000026WwqxQAC,a0I2A00000XQHxBUAX
0012A000026WwqxQAC,a0I2A00000XwcQAUAZ
0012A000026WwqxQAC,a0I2A00000XQKzTUAX
0012A000026WwqxQAC,a0I2A00000XuNhuUAF
0012A000026WwqxQAC,a0I2A00000XQUU2UAP
0012A000026WwqxQAC,a0I2A00000XQGXwUAP
0012A000026WwqxQAC,a0I2A00000XQM0KUAX
0012A000026WwqxQAC,a0I2A00000YIfQmUAL
0012A000026WwqxQAC,a0I2A00000XwN30UAF
0012A000026WwqxQAC,a0I2A00000XQM97UAH
0012A000026WwqxQAC,a0I2A00000XQJDKUA5
0012A000026WwqxQAC,a0I2A00000XQLJgUAP
0012A000026WwqxQAC,a0I2A00000XQKNaUAP
0012A000026WwqxQAC,a0I2A00000XQKXbUAP
0012A000026WwqxQAC,a0I2A00000XQZQZUA5
0012A000026WwqxQAC,a0I2A00000XQIs4UAH
0012A000026WwqxQAC,a0I2A00000XQGjcUAH
0012A000026WwqxQAC,a0I2A00000XQINyUAP
0012A000026WwqxQAC,a0I2A00000XQLZcUAP
0012A000026WwqxQAC,a0I2A00000XQJr6UAH
0012A000026WwqxQAC,a0I2A00000XQKIhUAP
0012A000026WwqxQAC,a0I2A00000XQOk6UAH
0012A000026WwqxQAC,a0I2A00000XQKfbUAH
0012A000026WwqxQAC,a0I2A00000XuAvbUAF
0012A000026WwqxQAC,a0I2A00000XQL1cUAH
0012A000026WwqxQAC,a0I2A00000XuL6LUAV
0012A000026WwqxQAC,a0I2A00000XQGMEUA5
0012A000026WwqxQAC,a0I2A00000XQQoWUAX
0012A000026WwqxQAC,a0I2A00000XQGk5UAH
0012A000026WwqxQAC,a0I2A00000XQJuaUAH
0012A000026WwqxQAC,a0I2A00000XQIvmUAH
0012A000026WwqxQAC,a0I2A00000XQIhcUAH
0012A000026WwqxQAC,a0I2A00000XQIlUUAX
0012A000026WwqxQAC,a0I2A00000XuXGNUA3
0012A000026WwqxQAC,a0I2A00000XQKsgUAH
0012A000026WwqxQAC,a0I2A00000XQJbiUAH
0012A000026WwqxQAC,a0I2A00000XQJoiUAH
0012A000026WwqxQAC,a0I2A00000XQLjfUAH
0012A000026WwqxQAC,a0I2A00000XQIoMUAX
0012A000026WwqxQAC,a0I2A00000XQlrSUAT
0012A000026WwqxQAC,a0I2A00000XQKX8UAP
0012A000026WwqxQAC,a0I2A00000Y6BVqUAN
0012A000026WwqxQAC,a0I2A00000XQHGzUAP
0012A000026WwqxQAC,a0I2A00000XQM3IUAX
0012A000026WwqxQAC,a0I2A00000XQLM8UAP
0012A000026WwqxQAC,a0I2A00000XQGopUAH
0012A000026WwqxQAC,a0I2A00000XuLnvUAF
0012A000026WwqxQAC,a0I2A00000XQHj4UAH
0012A000026WwqxQAC,a0I2A00000XQIqlUAH
0012A000026WwqxQAC,a0I2A00000XQGqVUAX
0012A000026WwqxQAC,a0I2A00000YGK35UAH
0012A000026WwqxQAC,a0I2A00000XQJXcUAP
0012A000026WwqxQAC,a0I2A00000XQHZtUAP
0012A000023YAupQAG,a0I2A00000YHFt0UAH
0012A000023YAupQAG,a0I2A00000XQL8WUAX
0012A000023YAupQAG,a0I2A00000XQGi5UAH
0012A000023YAupQAG,a0I2A00000XQL8uUAH
0012A000023YAupQAG,a0I2A00000XQL8vUAH
0012A000023YAupQAG,a0I2A00000XQJ3JUAX
0012A000023YAupQAG,a0I2A00000XQIj5UAH
0012A000023YAupQAG,a0I2A00000XQIDyUAP
0012A000023YAupQAG,a0I2A00000XQJ31UAH
0012A000023YAupQAG,a0I2A00000YH03hUAD
0012A000023YAupQAG,a0I2A00000XQHF2UAP
0012A000023YAupQAG,a0I2A00000XwanKUAR
0012A000023YAupQAG,a0I2A00000XQJ3KUAX
0012A000023YAupQAG,a0I2A00000XQLEHUA5
0012A000023YAupQAG,a0I2A00000XQJ34UAH
0012A000023YAupQAG,a0I2A00000XQL8yUAH
0012A000023YAupQAG,a0I2A00000XwDbBUAV
0012A000023YAupQAG,a0I2A00000XQK1sUAH
0012A000023YAupQAG,a0I2A00000XQHNxUAP
0012A000023YAupQAG,a0I2A00000XQIa4UAH
0012A000023YAupQAG,a0I2A00000XuCFwUAN
0012A000023YAupQAG,a0I2A00000XQJCoUAP
0012A000023YAupQAG,a0I2A00000XQIQIUA5
0012A000023YAupQAG,a0I2A00000XQJGTUA5
0012A000023YAupQAG,a0I2A00000YHGHQUA5
0012A000023YAupQAG,a0I2A00000XQL5aUAH
0012A000023YAupQAG,a0I2A00000XQH1KUAX
0012A000023YAupQAG,a0I2A00000XQK1ZUAX
0012A000023YAupQAG,a0I2A00000XQJcEUAX
0012A000023YAupQAG,a0I2A00000XQKm3UAH
0012A000023YAupQAG,a0I2A00000XQVR8UAP
0012A000023YAupQAG,a0I2A00000XQJ3YUAX
0012A000023YAupQAG,a0I2A00000XQK1pUAH
0012A000023YAupQAG,a0I2A00000YFTFAUA5
0012A000023YAupQAG,a0I2A00000XwaXUUAZ
0012A000023YAupQAG,a0I2A00000XQL8wUAH
0012A000023YAupQAG,a0I2A00000XQLe7UAH
0012A000023YAupQAG,a0I2A00000XQJSSUA5
0012A000023YAupQAG,a0I2A00000XQaUqUAL
0012A000023YAupQAG,a0I2A00000XQPpqUAH
0012A000023YAupQAG,a0I2A00000Xu9VNUAZ
0012A000023YAupQAG,a0I2A00000XQM0KUAX
0012A000023YAupQAG,a0I2A00000XQHeHUAX
0012A000023YAupQAG,a0I2A00000XQGhrUAH
0012A000023YAupQAG,a0I2A00000XQL90UAH
0012A000023YAupQAG,a0I2A00000XQICWUA5
0012A000023YAupQAG,a0I2A00000XwHGUUA3
0012A000023YAupQAG,a0I2A00000XQfsHUAT
0012A000023YAupQAG,a0I2A00000XwXtTUAV
0012A000023YAupQAG,a0I2A00000XwW4xUAF
0012A000023YAupQAG,a0I2A00000XQINmUAP
0012A000023YAupQAG,a0I2A00000XQHxBUAX
0012A000023YAupQAG,a0I2A00000XQJB8UAP
0012A000023YAupQAG,a0I2A00000XQJ33UAH
0012A000023YAupQAG,a0I2A00000Y5xrnUAB
0012A000023YAupQAG,a0I2A00000XQHwnUAH
0012A000023YAupQAG,a0I2A00000XQLD4UAP
0012A000023YAupQAG,a0I2A00000XQHNwUAP
0012A000023YAupQAG,a0I2A00000XQK1oUAH
0012A000023YAupQAG,a0I2A00000XQX0CUAX
0012A000023YDnWQAW,a0I2A00000XwLZCUA3
0012A000023YDnWQAW,a0I2A00000XQY3TUAX
0012A000023YDnWQAW,a0I2A00000XQKVTUA5
0012A000023YDnWQAW,a0I2A00000XQbXeUAL
0012A000023YDnWQAW,a0I2A00000YIjB9UAL
0012A000023YDnWQAW,a0I2A00000XQIHyUAP
0012A000023YDnWQAW,a0I2A00000YIjB7UAL
0012A000023YDnWQAW,a0I2A00000XQGiaUAH
0012A000023YDnWQAW,a0I2A00000XwNTQUA3
0012A000023YDnWQAW,a0I2A00000XQJ2YUAX
0012A000023YDnWQAW,a0I2A00000XQHTTUA5
0012A000023YDnWQAW,a0I2A00000XuMo7UAF
0012A000023YDnWQAW,a0I2A00000XvA3vUAF
0012A000023YDnWQAW,a0I2A00000Xu9wSUAR
0012A000023YDnWQAW,a0I2A00000XQJnFUAX
0012A000023YDnWQAW,a0I2A00000XQKZ4UAP
0012A000023YDnWQAW,a0I2A00000XuRMQUA3
0012A000023YDnWQAW,a0I2A00000XQUT0UAP
0012A000023YDnWQAW,a0I2A00000XQWyZUAX
0012A000023YDnWQAW,a0I2A00000XQHOpUAP
0012A000023YDnWQAW,a0I2A00000XwJxpUAF
0012A000023YDnWQAW,a0I2A00000XQJDKUA5
0012A000023YDnWQAW,a0I2A00000XuQ7TUAV
0012A000023YDnWQAW,a0I2A00000XQM5kUAH
0012A000023YDnWQAW,a0I2A00000XQNFFUA5
0012A000023YDnWQAW,a0I2A00000XQGqeUAH
0012A000023YDnWQAW,a0I2A00000XQKhAUAX
0012A000023YDnWQAW,a0I2A00000XQGmuUAH
0012A000023YDnWQAW,a0I2A00000XQJPgUAP
0012A000023YDnWQAW,a0I2A00000XwZZtUAN
0012A000023YDnWQAW,a0I2A00000XQRmbUAH
0012A000023YDnWQAW,a0I2A00000XQYhcUAH
0012A000023YDnWQAW,a0I2A00000XuUSkUAN
0012A000023YDnWQAW,a0I2A00000XQI1XUAX
0012A000023YDnWQAW,a0I2A00000XwXO8UAN
0012A000023YDnWQAW,a0I2A00000XQKonUAH
0012A000023YDnWQAW,a0I2A00000XQYlDUAX
0012A000023YDnWQAW,a0I2A00000XQIPsUAP
0012A000023YDnWQAW,a0I2A00000XQJy1UAH
0012A000023YDnWQAW,a0I2A00000XuRj2UAF
0012A000023YDnWQAW,a0I2A00000XuCFrUAN
0012A000023YDnWQAW,a0I2A00000XQRDZUA5
0012A000023YDnWQAW,a0I2A00000XQGXwUAP
0012A000023YDnWQAW,a0I2A00000XQJFtUAP
0012A000023YDnWQAW,a0I2A00000XQUOsUAP
0012A000023YDnWQAW,a0I2A00000XQGjgUAH
0012A000023YDnWQAW,a0I2A00000XQKXLUA5
0012A000023YDnWQAW,a0I2A00000XQHlgUAH
0012A000023YDnWQAW,a0I2A00000XQKrrUAH
0012A000023YDnWQAW,a0I2A00000XQL9qUAH
0012A000023YDnWQAW,a0I2A00000XQJXUUA5
0012A000023YDnWQAW,a0I2A00000XQL9pUAH
0012A000023YDnWQAW,a0I2A00000XQSbQUAX
0012A000023YDnWQAW,a0I2A00000XQLN9UAP
0012A000023YDnWQAW,a0I2A00000XQIinUAH
0012A000023YDnWQAW,a0I2A00000XQJriUAH
0012A000023YDnWQAW,a0I2A00000XQM3hUAH
0012A000023YDnWQAW,a0I2A00000XQGROUA5
0012A000023YDnWQAW,a0I2A00000XQPfuUAH
0012A000023YDnWQAW,a0I2A00000XuX4CUAV
